NUM,DATE,ACC_X,ACC_Y,ACC_Z,GYRO_X,GYRO_Y,GYRO_Z
1,00:00.4,-3242,10396,-6489,9117,2018,-819
3,00:00.4,-4014,11348,-15131,3359,-882,-2009
5,00:00.4,-3223,10918,-8496,-460,211,-2631
7,00:00.5,-5255,10690,-10854,1152,333,-3799
9,00:00.5,-560,14164,-8619,-327,488,-2833
11,00:00.5,-4342,10634,-11706,-2449,1339,-3486
13,00:00.5,-3653,11042,-10193,-3217,1070,-3072
15,00:00.5,-3714,11301,-9179,-2515,1121,-2779
17,00:00.6,-3122,12219,-9510,-1746,963,-1635
19,00:00.6,-4186,11078,-8578,-3015,1216,-981
21,00:00.6,-3625,11854,-8862,-2448,1242,-1297
23,00:00.6,-4184,10886,-9594,-742,1030,-1652
25,00:00.6,-3986,12155,-9332,-321,605,-3237
27,00:00.7,-4203,12015,-9567,231,158,-3456
29,00:00.7,-4334,12764,-8789,675,562,-3281
31,00:00.7,-4362,12963,-8732,814,1093,-3074
33,00:00.7,-4355,12927,-8524,670,1536,-2660
35,00:00.7,-4262,13176,-9068,885,1402,-1732
37,00:00.8,-4514,13419,-9506,1331,955,-1200
39,00:00.8,-4129,12783,-8611,1874,516,-1050
41,00:00.8,-3623,12678,-9993,2549,-1096,-81
43,00:00.8,-5059,11848,-9366,2310,-1735,518
45,00:00.8,-4391,11984,-9084,1221,-297,605
47,00:00.9,-4765,11549,-9815,996,558,492
49,00:00.9,-4579,11292,-10115,620,1007,-25
51,00:00.9,-4516,11805,-10043,1002,743,-460
53,00:00.9,-4563,12185,-9947,1296,650,-640
55,00:00.9,-4412,12532,-9930,1474,443,-357
57,00:01.0,-4383,13078,-9734,2043,187,354
59,00:01.0,-6019,12524,-8971,5726,-1865,605
61,00:01.1,-4529,11891,-9876,3953,141,-1008
72,00:01.1,-4562,11926,-10111,2394,2137,-431
74,00:01.1,-4451,11825,-11077,2721,2458,-587
76,00:01.2,-4282,11457,-10815,4213,1174,-483
77,00:01.2,-4723,8360,-12768,5499,266,96
79,00:01.2,-4044,11340,-10547,6090,-999,-346
81,00:01.2,-3893,10576,-11307,3518,1450,-917
83,00:01.2,-3986,10167,-11605,2870,1090,-1182
85,00:01.2,-3743,10425,-11207,2076,1116,-1282
63,00:01.3,-8144,9994,-10844,3087,816,256
88,00:01.3,-4186,10122,-12198,1125,1063,-1346
90,00:01.3,-3912,9623,-11304,1068,363,-1076
92,00:01.3,-4147,9410,-11891,-417,1158,-848
94,00:01.3,-4019,10655,-11611,-1051,1247,-1281
96,00:01.4,-4269,9755,-11858,-1050,1451,-1354
97,00:01.4,-4173,9654,-11831,-594,1168,-1322
99,00:01.4,-4065,10168,-11845,-36,800,-932
101,00:01.4,-4286,10239,-11589,471,402,-473
103,00:01.4,-4386,9486,-11676,610,245,-154
105,00:01.4,-4422,10780,-11765,821,268,-3
65,00:01.5,-4782,12915,-9596,3945,159,-315
108,00:01.5,-4380,11142,-11904,498,215,-850
110,00:01.5,-4242,9779,-11714,387,273,-1014
112,00:01.5,-4237,10293,-11960,254,496,-1034
114,00:01.5,-4264,9739,-12009,220,336,-1210
116,00:01.6,-4268,10193,-11985,440,55,-1045
117,00:01.6,-4216,9997,-11833,482,-30,-873
119,00:01.6,-4305,10819,-11891,334,-62,-532
121,00:01.6,-4214,9875,-10769,320,658,65
123,00:01.6,-4456,9198,-12766,-28,333,163
125,00:01.6,-4610,9494,-12976,83,477,492
67,00:01.7,-4533,12247,-10576,2234,1798,-187
128,00:01.7,-4405,9085,-12653,190,170,681
130,00:01.7,-4304,10043,-12084,53,-5,654
132,00:01.7,-4375,10161,-11815,-41,63,564
134,00:01.7,-4239,10406,-11708,-138,312,496
136,00:01.8,-4242,10369,-11705,-358,700,312
137,00:01.8,-4239,10225,-11667,-321,835,289
139,00:01.8,-4154,10461,-11894,-193,914,212
141,00:01.8,-4003,10408,-12072,-171,791,155
143,00:01.8,-3973,10250,-12222,68,438,209
145,00:01.8,-3936,10102,-12133,339,98,270
69,00:01.9,-4364,12076,-10089,2965,1471,-421
148,00:01.9,-3965,10347,-11963,436,95,297
150,00:01.9,-3894,10469,-11930,212,249,349
152,00:01.9,-4017,10223,-12124,129,307,413
154,00:01.9,-4046,9910,-12151,208,232,451
156,00:02.0,-3881,10164,-12023,662,-144,597
157,00:02.0,-4001,10031,-11931,785,-221,616
159,00:02.0,-3900,11128,-11982,699,-36,435
161,00:02.1,-3827,10242,-11801,430,214,293
172,00:02.1,-3816,9988,-12150,932,-643,191
174,00:02.1,-3948,9954,-12465,825,-601,346
176,00:02.2,-3932,9733,-12436,649,-600,367
177,00:02.2,-4042,9399,-12484,495,-586,321
179,00:02.2,-3980,9529,-12473,193,-335,250
181,00:02.2,-3892,9571,-12308,52,-195,258
183,00:02.2,-3863,9916,-12272,-205,-7,318
185,00:02.2,-4021,9736,-12233,-588,214,145
163,00:02.3,-3749,10645,-12017,618,157,75
188,00:02.3,-4026,9424,-12395,-536,118,165
190,00:02.3,-3924,10178,-12282,-57,-225,256
192,00:02.3,-3875,10277,-12266,-36,-167,58
194,00:02.3,-3956,9984,-12198,-80,-112,-5
196,00:02.4,-3979,9953,-12077,5,-151,61
197,00:02.4,-3900,10088,-12173,161,-149,91
199,00:02.4,-4089,9763,-12322,418,-229,61
201,00:02.4,-4118,9485,-12344,540,-324,-214
203,00:02.4,-4219,9608,-12674,1148,-739,-298
205,00:02.4,-4281,10537,-12310,543,-82,-291
165,00:02.5,-3876,9234,-12678,789,-141,70
208,00:02.5,-3723,10321,-12183,-6,543,-374
210,00:02.5,-3407,15465,-11102,-2567,2244,-557
212,00:02.5,-4254,7446,-13131,-790,1598,-268
214,00:02.5,-3899,10862,-12377,1763,-708,206
216,00:02.6,-3905,10100,-12411,359,560,-224
217,00:02.6,-3954,9871,-12638,345,644,-190
219,00:02.6,-3965,9957,-12282,1389,-82,83
221,00:02.6,-4005,9936,-12449,1196,297,41
223,00:02.6,-3987,9816,-12507,1433,307,88
225,00:02.6,-3948,9784,-12501,1582,257,141
167,00:02.7,-3843,9712,-12420,1108,-602,243
228,00:02.7,-3887,9646,-12655,1588,281,125
230,00:02.7,-3858,9548,-12599,1609,323,109
232,00:02.7,-3820,9488,-12748,1561,440,126
234,00:02.7,-3763,9397,-12616,1620,449,187
236,00:02.8,-3698,9453,-12794,1695,521,184
237,00:02.8,-3691,9395,-12926,1764,570,207
239,00:02.8,-3660,9339,-12896,2060,564,254
241,00:02.8,-3637,9161,-12880,2242,606,344
243,00:02.8,-3371,8852,-12854,2451,615,405
245,00:02.8,-3381,8733,-12961,2546,673,564
169,00:02.9,-3903,9845,-12410,1129,-727,161
248,00:02.9,-3516,8610,-13352,2287,410,900
250,00:02.9,-3537,8558,-13238,2242,35,1151
252,00:02.9,-3303,8799,-13012,2285,-75,1135
254,00:02.9,-3286,8661,-13040,2193,134,1314
256,00:03.0,-3398,8891,-13366,2207,161,1418
257,00:03.0,-3311,8759,-13392,2235,106,1428
259,00:03.0,-3294,8441,-13513,2484,-11,1568
261,00:03.1,-3463,8280,-13589,2736,-160,1659
272,00:03.1,-3360,7510,-13564,2853,-57,1687
274,00:03.1,-3308,7561,-13840,2637,216,1545
276,00:03.2,-3146,7533,-13879,2155,336,1390
277,00:03.2,-3133,7613,-13752,1940,400,1296
279,00:03.2,-3000,7800,-13785,1459,513,1103
281,00:03.2,-2935,7968,-13835,1032,574,1010
283,00:03.2,-2865,8020,-13909,642,568,914
285,00:03.2,-3181,7709,-14150,470,407,977
263,00:03.3,-3398,8266,-13800,2690,-358,1700
288,00:03.3,-3017,7946,-14227,854,-413,1275
290,00:03.3,-2919,8050,-14148,787,-491,1187
292,00:03.3,-3031,7974,-14486,801,-493,990
294,00:03.3,-2976,7694,-14480,811,-626,795
296,00:03.4,-2900,7365,-14290,844,-569,664
297,00:03.4,-2818,7246,-14384,900,-466,632
299,00:03.4,-2924,7065,-14436,917,-308,622
301,00:03.4,-2950,6926,-14427,881,-322,725
303,00:03.4,-2936,6949,-14567,696,-416,826
305,00:03.4,-2869,6967,-14336,601,-617,804
265,00:03.5,-3428,8258,-13647,2511,-522,1729
308,00:03.5,-2842,6965,-14026,509,-452,645
310,00:03.5,-2855,6928,-14117,408,-279,533
312,00:03.5,-2910,6999,-14227,239,-238,426
314,00:03.5,-2976,7005,-14220,58,-284,324
316,00:03.6,-3034,7125,-14297,-127,-288,160
317,00:03.6,-2908,7106,-14320,-217,-312,75
319,00:03.6,-2990,7195,-14316,-242,-310,-28
321,00:03.6,-2931,7388,-14262,-296,-258,-199
323,00:03.6,-3062,7787,-14367,-512,-91,-559
325,00:03.6,-3027,7802,-14419,-689,59,-1117
267,00:03.7,-3629,7892,-13635,2370,-532,1783
328,00:03.7,-2926,8254,-14189,-433,67,-1912
330,00:03.7,-2863,9631,-14107,-84,302,-3585
332,00:03.7,-3050,9708,-14623,-407,819,-6051
334,00:03.7,-2985,9718,-14680,-569,555,-8369
336,00:03.8,-3314,8936,-14688,-1109,326,-10735
337,00:03.8,-3591,7685,-14932,-1634,303,-11479
339,00:03.8,-4088,3923,-15109,-1611,-423,-10674
341,00:03.8,-4310,2452,-13910,-187,-1546,-7005
343,00:03.8,-4290,2632,-13032,519,-1221,-2387
345,00:03.8,-4095,3645,-13032,307,120,1763
269,00:03.9,-3519,7662,-13701,2545,-506,1835
348,00:03.9,-3622,5837,-13679,-405,1388,5564
350,00:03.9,-3393,6829,-14304,-825,1707,6424
352,00:03.9,-3362,7327,-14687,-865,1397,6465
354,00:03.9,-3089,8325,-14650,-654,641,5895
356,00:04.0,-2814,7814,-14372,-614,209,4979
357,00:04.0,-2893,8106,-14514,-633,20,4644
359,00:04.0,-2931,8198,-14494,-566,-312,3698
361,00:04.1,-2985,8070,-14438,-429,-676,2854
372,00:04.1,-3127,7526,-14027,-444,-868,1725
374,00:04.1,-3034,7598,-14035,-547,-772,1692
376,00:04.2,-3024,7726,-14069,-601,-690,1614
377,00:04.2,-3068,7834,-14116,-618,-701,1527
379,00:04.2,-2976,7973,-14027,-598,-687,1337
381,00:04.2,-3099,7971,-14036,-548,-699,1075
383,00:04.2,-3117,7965,-13958,-507,-661,789
385,00:04.2,-3135,7900,-13855,-424,-577,577
363,00:04.3,-3028,7798,-14301,-323,-966,2282
388,00:04.3,-3175,7829,-13981,-471,-472,394
390,00:04.3,-3152,7964,-13898,-465,-444,313
392,00:04.3,-3175,7958,-13841,-466,-379,232
394,00:04.3,-3182,7957,-13929,-443,-267,124
396,00:04.4,-3284,7967,-13963,-474,-253,47
397,00:04.4,-3276,7948,-13887,-480,-281,1
399,00:04.4,-3251,8064,-13795,-423,-281,-95
401,00:04.4,-3271,8043,-13881,-315,-200,-230
403,00:04.4,-3235,7976,-13858,-245,-145,-357
405,00:04.4,-3173,7921,-13937,-272,-137,-435
365,00:04.5,-2957,7656,-14246,-286,-1165,1942
408,00:04.5,-3345,7994,-13834,-331,-110,-587
410,00:04.5,-3230,7936,-13840,-328,-72,-633
412,00:04.5,-3324,7877,-13901,-217,-37,-680
414,00:04.5,-3278,7851,-13850,-247,-44,-684
416,00:04.6,-3310,7825,-13874,-309,-52,-683
417,00:04.6,-3304,7774,-13918,-323,-53,-646
419,00:04.6,-3331,7714,-13912,-323,-116,-622
421,00:04.6,-3351,7697,-13918,-317,-144,-504
423,00:04.6,-3380,7769,-13796,-287,-163,-381
425,00:04.6,-3428,7815,-13713,-330,-24,-310
367,00:04.7,-3059,7516,-14289,-345,-1126,1770
428,00:04.7,-3361,7885,-13929,-429,123,-235
430,00:04.7,-3335,7938,-14015,-367,29,-144
432,00:04.7,-3419,7962,-13811,-301,-62,-145
434,00:04.7,-3390,7986,-13791,-317,-48,-152
436,00:04.8,-3411,7964,-13790,-345,-15,-178
437,00:04.8,-3365,7924,-13825,-319,3,-161
439,00:04.8,-3361,7929,-13767,-245,-12,-111
441,00:04.8,-3405,7958,-13761,-201,17,-75
443,00:04.8,-3379,7938,-13811,-217,23,-92
445,00:04.8,-3407,7925,-13829,-286,38,-102
369,00:04.9,-3197,7397,-14044,-400,-1045,1704
448,00:04.9,-3397,7912,-13807,-270,-6,-55
450,00:04.9,-3426,8050,-13751,-186,14,-65
452,00:04.9,-3356,7987,-13780,-207,83,-91
454,00:04.9,-3341,7948,-13776,-250,85,-57
456,00:05.0,-3469,8005,-13865,-296,89,5
457,00:05.0,-3447,7966,-13786,-280,66,32
459,00:05.0,-3396,7717,-13628,-223,92,119
461,00:05.1,-3375,8020,-13804,-95,143,141
472,00:05.1,-3388,7969,-13791,-235,164,-51
474,00:05.1,-3356,7978,-13812,-266,135,1
476,00:05.2,-3284,7973,-13794,-239,86,30
477,00:05.2,-3347,8049,-13768,-231,88,50
479,00:05.2,-3276,7996,-13790,-201,83,65
481,00:05.2,-3377,7982,-13770,-197,56,122
483,00:05.2,-3275,7997,-13722,-223,12,163
485,00:05.2,-3357,7990,-13751,-262,58,199
463,00:05.3,-3361,8153,-13850,-140,19,82
488,00:05.3,-3299,8061,-13637,-185,82,127
490,00:05.3,-3342,7988,-13596,-138,181,-4
492,00:05.3,-3318,7980,-13877,-232,270,64
494,00:05.3,-3436,7949,-13731,-199,202,95
496,00:05.4,-3342,7976,-13757,-204,208,106
497,00:05.4,-3338,8023,-13702,-132,213,154
499,00:05.4,-3483,7669,-13960,101,138,196
501,00:05.4,-3454,7507,-13998,415,-36,250
503,00:05.4,-3269,7689,-13636,550,-83,219
505,00:05.4,-3158,7778,-13476,257,223,50
465,00:05.5,-3383,8052,-13728,-288,-45,-15
508,00:05.5,-3211,7801,-13905,-505,520,-153
510,00:05.5,-3198,7828,-13905,-860,394,-129
512,00:05.5,-3221,8017,-13729,-1123,275,-21
514,00:05.5,-3319,8133,-13626,-1274,280,154
516,00:05.6,-3198,8150,-13655,-1198,299,370
517,00:05.6,-3349,8201,-13732,-1075,272,509
519,00:05.6,-3337,8332,-13468,-805,217,669
521,00:05.6,-3338,8447,-13394,-580,260,650
523,00:05.6,-3190,8496,-13546,-568,363,560
525,00:05.6,-3295,8449,-13577,-654,446,342
467,00:05.7,-3360,8003,-13705,-262,13,-96
528,00:05.7,-3167,8369,-13627,-722,444,-22
530,00:05.7,-3011,8472,-13470,-756,576,-215
532,00:05.7,-3030,8599,-13517,-923,790,-442
534,00:05.7,-2883,8719,-13468,-1040,809,-639
536,00:05.8,-2811,8694,-13454,-1099,835,-770
537,00:05.8,-2717,8692,-13571,-1105,891,-782
539,00:05.8,-2813,8560,-13635,-1027,889,-677
541,00:05.8,-2773,8619,-13529,-803,672,-479
543,00:05.8,-2689,8681,-13472,-591,475,-291
545,00:05.8,-2610,8622,-13607,-476,380,-88
469,00:05.9,-3398,7975,-13701,-214,118,-106
548,00:05.9,-2641,8656,-13708,-449,175,99
550,00:05.9,-2767,8771,-13615,-534,18,180
552,00:05.9,-2834,8818,-13571,-566,-96,288
554,00:05.9,-2806,8823,-13584,-419,-164,328
556,00:06.0,-2859,8779,-13595,-277,-132,344
557,00:06.0,-2869,8772,-13541,-219,-117,357
559,00:06.0,-2897,8838,-13451,-65,-107,356
561,00:06.1,-2865,8739,-13525,21,-42,284
572,00:06.1,-2748,8399,-13507,-279,143,85
574,00:06.1,-2767,8482,-13545,-389,87,86
576,00:06.2,-2695,8355,-13460,-514,83,147
577,00:06.2,-2715,8344,-13439,-530,104,191
579,00:06.2,-2768,8400,-13531,-597,96,259
581,00:06.2,-2731,8326,-13411,-656,100,327
583,00:06.2,-2759,8363,-13307,-709,135,343
585,00:06.2,-2622,8367,-13402,-873,155,390
563,00:06.3,-2917,8662,-13422,52,20,220
588,00:06.3,-2564,8544,-13246,-1227,139,476
590,00:06.3,-2535,8792,-13166,-1405,272,496
592,00:06.3,-2560,8988,-13261,-1444,401,447
594,00:06.3,-2529,9048,-13285,-1355,351,433
596,00:06.4,-2474,9117,-13302,-1185,244,491
597,00:06.4,-2470,9202,-13246,-1124,157,528
599,00:06.4,-2397,9390,-13303,-935,37,540
601,00:06.4,-2389,9470,-13299,-852,-42,515
603,00:06.4,-2459,9473,-13239,-763,-104,459
605,00:06.4,-2447,9572,-13179,-664,-152,407
565,00:06.5,-2881,8581,-13439,49,90,196
608,00:06.5,-2473,9568,-13215,-604,-155,322
610,00:06.5,-2620,9545,-13185,-574,-121,330
612,00:06.5,-2648,9522,-13230,-378,-173,357
614,00:06.5,-2647,9599,-13047,-189,-192,331
616,00:06.6,-2641,9616,-13029,-33,-115,195
617,00:06.6,-2647,9542,-13138,20,-55,95
619,00:06.6,-2618,9491,-13047,113,-54,-87
621,00:06.6,-2681,9392,-13107,124,-7,-218
623,00:06.6,-2648,9280,-13059,180,12,-305
625,00:06.6,-2733,9182,-13067,105,123,-379
567,00:06.7,-2776,8510,-13487,-47,183,172
628,00:06.7,-2621,9153,-13139,41,196,-318
630,00:06.7,-2593,9137,-13198,24,200,-257
632,00:06.7,-2562,9051,-13217,78,155,-208
634,00:06.7,-2599,9080,-13221,112,103,-136
636,00:06.8,-2555,9083,-13203,177,65,-99
637,00:06.8,-2583,9153,-13102,179,59,-82
639,00:06.8,-2572,9068,-13185,161,131,-82
641,00:06.8,-2603,9061,-13351,88,123,-63
643,00:06.8,-2640,8928,-13382,44,64,31
645,00:06.8,-2681,9040,-13249,112,17,141
569,00:06.9,-2760,8498,-13469,-118,191,138
648,00:06.9,-2639,9036,-13095,176,31,151
650,00:06.9,-2631,9034,-13155,135,144,117
652,00:06.9,-2585,9016,-13128,99,196,63
654,00:06.9,-2566,8984,-13177,16,258,4
656,00:07.0,-2566,8972,-13145,-28,297,-22
657,00:07.0,-2560,8947,-13169,-60,305,-31
659,00:07.0,-2591,8866,-13170,-138,318,-10
661,00:07.1,-2551,8991,-13083,-172,368,9
672,00:07.1,-2201,9142,-13333,-437,466,-86
674,00:07.1,-2195,9163,-13364,-413,308,-67
676,00:07.2,-2202,9177,-13365,-413,132,-37
677,00:07.2,-2322,9144,-13313,-415,95,-5
679,00:07.2,-2251,9212,-13177,-395,155,87
681,00:07.2,-2219,9245,-13317,-429,182,180
683,00:07.2,-2326,9259,-13405,-332,58,319
685,00:07.2,-2293,9399,-13250,-178,-100,373
663,00:07.3,-2444,9025,-13113,-285,457,-31
688,00:07.3,-2358,9460,-13055,-68,-89,313
690,00:07.3,-2350,9325,-12993,-24,8,191
692,00:07.3,-2280,9367,-13013,63,93,85
694,00:07.3,-2359,9271,-13113,48,157,-36
696,00:07.4,-2245,9236,-13159,-56,178,-94
697,00:07.4,-2132,9246,-13174,-124,184,-98
699,00:07.4,-2236,9136,-13347,-212,184,-83
701,00:07.4,-2192,9126,-13294,-239,49,7
703,00:07.4,-2191,9161,-13149,-194,2,101
705,00:07.4,-2259,9176,-13139,-203,42,164
665,00:07.5,-2404,9007,-13237,-339,492,-85
708,00:07.5,-2250,9124,-13355,-172,-47,207
710,00:07.5,-2326,9162,-13277,-67,-166,239
712,00:07.5,-2360,9175,-13109,3,-156,190
714,00:07.5,-2414,9123,-13055,6,-77,104
716,00:07.6,-2337,9100,-13091,-49,45,-18
717,00:07.6,-2374,9077,-13106,-84,113,-88
719,00:07.6,-2267,9131,-13111,-161,209,-195
721,00:07.6,-2183,9145,-13113,-242,281,-299
723,00:07.6,-2237,9231,-13117,-347,336,-353
725,00:07.6,-2162,9162,-13141,-449,325,-361
667,00:07.7,-2413,8991,-13192,-333,424,-57
728,00:07.7,-2169,9062,-13237,-534,220,-234
730,00:07.7,-2118,9138,-13196,-516,132,-102
732,00:07.7,-2102,9199,-13185,-480,50,24
734,00:07.7,-2141,9248,-13103,-424,24,95
736,00:07.8,-2143,9349,-13117,-423,4,156
737,00:07.8,-2156,9318,-13153,-432,-12,194
739,00:07.8,-2185,9369,-13130,-447,-49,237
741,00:07.8,-2187,9454,-13056,-444,-41,271
743,00:07.8,-2125,9414,-13052,-397,-29,264
745,00:07.8,-2187,9486,-13065,-344,-66,234
669,00:07.9,-2310,9068,-13156,-349,451,-42
748,00:07.9,-2078,9553,-13059,-325,-105,57
750,00:07.9,-2094,9561,-13055,-339,-67,5
752,00:07.9,-2266,9521,-13015,-274,-12,-60
754,00:07.9,-2130,9483,-13059,-223,12,-54
756,00:08.0,-2121,9417,-13169,-223,22,-68
757,00:08.0,-2147,9366,-13162,-174,-44,-42
759,00:08.0,-2289,9344,-13055,-129,-197,46
761,00:08.1,-2269,9406,-13018,-141,-187,86
772,00:08.1,-2206,9488,-12960,-156,-212,103
774,00:08.1,-2268,9396,-12902,-122,-134,65
776,00:08.2,-2242,9377,-12988,-120,-75,101
777,00:08.2,-2314,9399,-12978,-101,-106,96
779,00:08.2,-2229,9402,-12975,-64,-114,132
781,00:08.2,-2226,9486,-13022,-90,-98,120
783,00:08.2,-2174,9451,-13049,-132,-34,66
785,00:08.2,-2191,9409,-13172,-131,-102,49
763,00:08.3,-2168,9424,-12961,-113,-84,69
788,00:08.3,-2269,9459,-12948,-76,-109,63
790,00:08.3,-2250,9508,-13024,-114,18,-22
792,00:08.3,-2148,9487,-13121,-72,21,-64
794,00:08.3,-2281,9468,-13210,-32,-80,-118
796,00:08.4,-2250,9425,-12996,-7,-137,-96
797,00:08.4,-2252,9400,-12993,-31,-104,-103
799,00:08.4,-2236,9324,-12953,-67,-27,-126
801,00:08.4,-2207,9317,-13009,-92,-15,-63
803,00:08.4,-2296,9405,-13024,-115,-36,9
805,00:08.4,-2205,9489,-13019,-119,-40,19
765,00:08.5,-2185,9419,-13045,-145,15,30
808,00:08.5,-2252,9491,-13049,-58,-49,-33
810,00:08.5,-2238,9497,-13012,-52,-86,-20
812,00:08.5,-2266,9464,-13014,-45,-93,-19
814,00:08.5,-2280,9511,-13058,-15,-81,-10
816,00:08.6,-2280,9469,-13023,35,-56,22
817,00:08.6,-2286,9518,-13013,58,-73,37
819,00:08.6,-2253,9422,-12995,117,-60,16
821,00:08.6,-2298,9415,-13035,167,-63,29
823,00:08.6,-2315,9458,-13058,237,-58,-2
825,00:08.6,-2367,9528,-13067,297,-33,-97
767,00:08.7,-2263,9393,-13117,-224,-22,33
828,00:08.7,-2487,9532,-13093,475,77,-289
830,00:08.7,-2442,9520,-13050,580,189,-462
832,00:08.7,-2465,9481,-13001,647,337,-615
834,00:08.7,-2453,9510,-13031,642,498,-770
836,00:08.8,-2468,9512,-13005,653,601,-917
837,00:08.8,-2433,9457,-13134,644,632,-990
839,00:08.8,-2449,9328,-13156,710,657,-1069
841,00:08.8,-2285,9356,-13039,788,704,-1156
843,00:08.8,-2219,9336,-13107,908,764,-1273
845,00:08.8,-2115,9417,-13076,1071,781,-1469
769,00:08.9,-2246,9364,-13107,-241,-142,67
848,00:08.9,-1915,9347,-13202,1113,714,-1767
850,00:08.9,-1854,9355,-13241,1101,789,-1925
852,00:08.9,-1890,9219,-13485,1071,847,-2041
854,00:08.9,-1979,9005,-13862,1011,648,-1936
856,00:09.0,-2204,8654,-14084,985,204,-1547
857,00:09.0,-2318,8556,-14067,1034,-67,-1260
859,00:09.0,-2417,8659,-13767,1147,-485,-775
861,00:09.1,-2676,8595,-13659,1338,-619,-462
872,00:09.1,-3201,7783,-13330,1751,165,144
874,00:09.1,-3102,7598,-13389,1597,537,98
876,00:09.2,-2897,7563,-13518,1292,819,83
877,00:09.2,-2815,7551,-13529,1103,890,72
879,00:09.2,-2725,7305,-13937,652,877,122
881,00:09.2,-2618,7244,-14042,374,645,309
883,00:09.2,-2538,7103,-13802,112,455,602
885,00:09.2,-2380,7322,-13633,-24,385,972
863,00:09.3,-2911,8488,-13595,1551,-571,-259
888,00:09.3,-2129,7722,-13441,-476,631,1280
890,00:09.3,-1964,7954,-13665,-851,883,1299
892,00:09.3,-1859,8179,-13788,-1151,990,1212
894,00:09.3,-1736,8334,-13893,-1277,938,1106
896,00:09.4,-1691,8569,-13923,-1271,815,951
897,00:09.4,-1613,8617,-13964,-1274,769,825
899,00:09.4,-1560,8700,-14023,-1204,529,615
901,00:09.4,-1572,8751,-14126,-1038,249,496
903,00:09.4,-1581,8716,-13968,-911,23,462
905,00:09.4,-1679,8630,-13853,-772,-41,498
865,00:09.5,-3113,8331,-13566,1721,-512,-155
908,00:09.5,-1663,8520,-13717,-564,0,632
910,00:09.5,-1741,8608,-13724,-512,59,715
912,00:09.5,-1683,8743,-13680,-501,111,716
914,00:09.5,-1690,8912,-13675,-472,134,592
916,00:09.6,-1697,8797,-13708,-393,124,397
917,00:09.6,-1664,8754,-13635,-363,83,303
919,00:09.6,-1604,8774,-13672,-351,27,158
921,00:09.6,-1637,8662,-13668,-362,6,6
923,00:09.6,-1663,8670,-13541,-377,25,-103
925,00:09.6,-1690,8666,-13759,-427,42,-209
867,00:09.7,-3187,8133,-13583,1814,-435,-50
928,00:09.7,-1779,8540,-13719,-436,-106,-185
930,00:09.7,-1838,8628,-13722,-382,-221,-117
932,00:09.7,-1842,8584,-13626,-307,-225,-55
934,00:09.7,-1757,8642,-13535,-210,-141,-43
936,00:09.8,-1887,8749,-13702,-192,-15,-72
937,00:09.8,-1808,8707,-13728,-174,-51,-104
939,00:09.8,-1869,8665,-13846,-163,-208,-156
941,00:09.8,-1946,8713,-13678,-159,-372,-187
943,00:09.8,-1976,8664,-13490,-215,-380,-183
945,00:09.8,-2045,8655,-13396,-232,-254,-129
869,00:09.9,-3268,7887,-13496,1794,-291,78
948,00:09.9,-2091,8657,-13533,-130,-106,-45
950,00:09.9,-2132,8642,-13593,-25,-134,2
952,00:09.9,-2087,8713,-13476,-9,-127,5
954,00:09.9,-2129,8770,-13460,-99,22,-103
956,00:10.0,-2162,8694,-13587,-182,113,-202
957,00:10.0,-2107,8768,-13539,-182,116,-244
959,00:10.0,-1997,8691,-13441,-196,161,-285
961,00:10.1,-1976,8647,-13535,-233,263,-330
972,00:10.1,-2030,8680,-13577,-166,71,84
974,00:10.1,-1920,8761,-13582,-124,42,121
976,00:10.2,-1996,8823,-13606,-67,31,100
977,00:10.2,-1984,8818,-13544,-44,23,68
979,00:10.2,-1930,8828,-13538,-22,18,-56
981,00:10.2,-1858,8807,-13530,-15,31,-195
983,00:10.2,-1853,8794,-13589,-9,77,-334
985,00:10.2,-1858,8761,-13569,-35,158,-438
963,00:10.3,-2012,8581,-13677,-237,245,-293
988,00:10.3,-1814,8601,-13604,-119,156,-395
990,00:10.3,-1931,8600,-13679,-105,109,-245
992,00:10.3,-1977,8587,-13645,-19,44,-91
994,00:10.3,-1945,8603,-13578,-3,47,45
996,00:10.4,-1939,8643,-13576,-7,93,98
997,00:10.4,-1915,8740,-13505,-15,117,130
999,00:10.4,-1872,8821,-13549,-67,208,95
1001,00:10.4,-1895,8814,-13553,-105,204,75
1003,00:10.4,-1937,8749,-13627,-106,165,69
1005,00:10.4,-1949,8675,-13730,-41,35,123
965,00:10.5,-1959,8604,-13656,-205,145,-215
1008,00:10.5,-2054,8510,-13638,133,-199,283
1010,00:10.5,-2138,8497,-13652,160,-238,335
1012,00:10.5,-2077,8481,-13577,254,-199,254
1014,00:10.5,-2157,8525,-13567,226,-140,136
1016,00:10.6,-2181,8565,-13531,116,-10,6
1017,00:10.6,-2085,8569,-13466,51,96,-72
1019,00:10.6,-2009,8563,-13409,-66,334,-196
1021,00:10.6,-1911,8519,-13497,-234,545,-296
1023,00:10.6,-1805,8577,-13526,-354,616,-300
1025,00:10.6,-1798,8565,-13656,-394,572,-313
967,00:10.7,-1977,8647,-13604,-191,64,-135
1028,00:10.7,-1858,8542,-13729,-368,334,-194
1030,00:10.7,-1936,8510,-13692,-353,222,-51
1032,00:10.7,-2004,8506,-13549,-288,126,102
1034,00:10.7,-1814,8567,-13493,-238,164,147
1036,00:10.8,-1823,8724,-13390,-286,317,145
1037,00:10.8,-1763,8773,-13412,-343,419,116
1039,00:10.8,-1689,8818,-13547,-495,595,96
1041,00:10.8,-1654,8906,-13594,-524,562,130
1043,00:10.8,-1572,8936,-13552,-510,549,109
1045,00:10.8,-1447,8921,-13519,-493,548,137
969,00:10.9,-1947,8671,-13567,-260,86,-55
1048,00:10.9,-1469,8772,-13788,-346,338,317
1050,00:10.9,-1595,8743,-13798,-149,43,549
1052,00:10.9,-1672,8820,-13736,-64,-162,708
1054,00:10.9,-1741,8897,-13589,-44,-225,792
1056,00:11.0,-1706,8895,-13621,-25,-156,750
1057,00:11.0,-1845,8877,-13640,-10,-125,705
1059,00:11.0,-1811,8938,-13507,90,-78,514
1061,00:11.1,-1786,8881,-13537,123,24,216
1072,00:11.1,-1548,8460,-13470,-118,578,-359
1074,00:11.1,-1486,8431,-13513,-172,655,-269
1076,00:11.2,-1298,8431,-13597,-304,631,-107
1077,00:11.2,-1350,8473,-13579,-358,594,2
1079,00:11.2,-1314,8592,-13583,-414,491,167
1081,00:11.2,-1151,8690,-13509,-374,404,271
1083,00:11.2,-1173,8806,-13659,-334,307,299
1085,00:11.2,-1210,8991,-13693,-304,155,298
1063,00:11.3,-1806,8817,-13635,67,105,-81
1088,00:11.3,-1264,9077,-13560,-394,70,198
1090,00:11.3,-1144,9033,-13512,-329,73,131
1092,00:11.3,-1257,9101,-13546,-264,135,120
1094,00:11.3,-1245,9046,-13509,-102,133,68
1096,00:11.4,-1348,8981,-13546,15,88,51
1097,00:11.4,-1268,8972,-13536,58,26,36
1099,00:11.4,-1298,8937,-13501,101,11,2
1101,00:11.4,-1239,8895,-13485,74,62,-72
1103,00:11.4,-1240,8924,-13637,64,109,-132
1105,00:11.4,-1252,8912,-13701,88,57,-221
1065,00:11.5,-1671,8679,-13559,-21,203,-299
1108,00:11.5,-1386,8901,-13703,137,-66,-274
1110,00:11.5,-1379,8798,-13502,167,-115,-232
1112,00:11.5,-1326,8734,-13391,163,-25,-210
1114,00:11.5,-1342,8811,-13483,196,75,-170
1116,00:11.6,-1353,8798,-13631,244,35,-120
1117,00:11.6,-1362,8788,-13702,246,1,-85
1119,00:11.6,-1348,8772,-13624,227,-44,-69
1121,00:11.6,-1368,8650,-13700,227,-70,-64
1123,00:11.6,-1501,8700,-13594,273,-163,-8
1125,00:11.6,-1473,8701,-13509,279,-97,6
1067,00:11.7,-1666,8536,-13559,-152,307,-450
1128,00:11.7,-1416,8724,-13676,244,33,-59
1130,00:11.7,-1449,8640,-13775,263,6,-72
1132,00:11.7,-1527,8645,-13736,296,-73,-80
1134,00:11.7,-1431,8602,-13593,258,-68,-77
1136,00:11.8,-1511,8550,-13520,209,44,-62
1137,00:11.8,-1443,8511,-13595,217,96,-52
1139,00:11.8,-1408,8476,-13629,207,131,-19
1141,00:11.8,-1437,8473,-13715,203,113,7
1143,00:11.8,-1435,8501,-13680,169,77,66
1145,00:11.8,-1411,8505,-13772,113,60,71
1069,00:11.9,-1626,8478,-13480,-185,424,-469
1148,00:11.9,-1414,8643,-13750,101,8,86
1150,00:11.9,-1491,8625,-13759,54,-9,32
1152,00:11.9,-1401,8671,-13686,-5,-7,-19
1154,00:11.9,-1490,8830,-13640,46,44,-18
1156,00:12.0,-1471,8757,-13640,88,118,-17
1157,00:12.0,-1466,8859,-13674,149,171,5
1159,00:12.0,-1448,8909,-13745,373,219,-15
1161,00:12.1,-1375,8877,-13720,614,280,-56
1172,00:12.1,-1291,8505,-13903,1367,300,-704
1174,00:12.1,-1402,8582,-13885,1486,347,-875
1176,00:12.2,-1361,8493,-13954,1667,484,-1189
1177,00:12.2,-1324,8355,-13946,1724,591,-1355
1179,00:12.2,-1426,8108,-14004,1817,693,-1579
1181,00:12.2,-1455,7954,-14142,1741,749,-1752
1183,00:12.2,-1429,7772,-14160,1651,795,-1909
1185,00:12.2,-1412,7757,-14073,1657,846,-2031
1163,00:12.3,-1373,8892,-13727,835,352,-167
1188,00:12.3,-1277,7685,-13976,1445,1103,-2170
1190,00:12.3,-1402,7775,-14158,1265,1307,-2245
1192,00:12.3,-1395,7991,-14342,1130,1488,-2494
1194,00:12.3,-1269,8117,-14125,1325,1577,-2906
1196,00:12.4,-1055,8152,-13983,1430,1793,-3389
1197,00:12.4,-1048,8243,-14377,1427,1906,-3710
1199,00:12.4,-923,9391,-14345,1417,2009,-4608
1201,00:12.4,-828,9740,-13990,1515,2533,-6263
1203,00:12.4,-576,8931,-14033,1864,3245,-8086
1205,00:12.4,-498,7942,-14439,2523,3416,-9292
1165,00:12.5,-1285,8861,-13721,970,408,-254
1208,00:12.5,-366,6710,-14894,2719,3441,-9893
1210,00:12.5,-497,6320,-14767,2821,3229,-9716
1212,00:12.5,-518,5931,-15055,2575,3002,-9391
1214,00:12.5,-830,5768,-15485,2067,2595,-8885
1216,00:12.6,-998,5669,-15338,1564,2083,-8327
1217,00:12.6,-1013,5783,-14952,1460,1851,-8064
1219,00:12.6,-990,5754,-15067,1425,1587,-7579
1221,00:12.6,-1071,5828,-15089,1444,1398,-7207
1223,00:12.6,-1172,5784,-15193,1418,1280,-6981
1225,00:12.6,-1274,5452,-15437,1341,1103,-6840
1167,00:12.7,-1275,8796,-13775,1051,464,-370
1228,00:12.7,-1395,4655,-15484,1493,414,-6508
1230,00:12.7,-1576,4116,-15403,1455,-75,-6091
1232,00:12.7,-1737,4109,-15058,1280,-522,-5628
1234,00:12.7,-1873,3916,-15170,875,-642,-5320
1236,00:12.8,-2141,3714,-15175,294,-812,-4997
1237,00:12.8,-2195,3696,-15306,37,-980,-4821
1239,00:12.8,-2437,3668,-15162,-603,-1284,-4433
1241,00:12.8,-2616,3540,-15337,-993,-1520,-4081
1243,00:12.8,-2882,3544,-15401,-1336,-1667,-3695
1245,00:12.8,-3152,4000,-15439,-1566,-1904,-3235
1169,00:12.9,-1271,8648,-13909,1124,523,-539
1248,00:12.9,-3594,4397,-15267,-1979,-2118,-2765
1250,00:12.9,-3797,4734,-15357,-2148,-2405,-2346
1252,00:12.9,-4173,5167,-15171,-2255,-2600,-1902
1254,00:12.9,-4332,5712,-14819,-2379,-2573,-1583
1256,00:13.0,-4448,5978,-14560,-2521,-2218,-1417
1257,00:13.0,-4490,5967,-14489,-2596,-2031,-1360
1259,00:13.0,-4553,5995,-14620,-2397,-1862,-1191
1261,00:13.1,-4680,6093,-14313,-2050,-1887,-984
1272,00:13.1,-5305,6567,-14418,-882,-1772,-211
1274,00:13.1,-5603,6498,-14660,-444,-1924,-50
1276,00:13.2,-5797,6448,-14375,9,-2116,118
1277,00:13.2,-5845,6451,-14209,200,-2179,216
1279,00:13.2,-5890,6407,-14126,336,-2074,336
1281,00:13.2,-6114,6199,-13961,465,-1938,512
1283,00:13.2,-6256,6112,-13818,793,-1670,701
1285,00:13.2,-6325,6103,-14012,1085,-1257,746
1263,00:13.3,-4658,6318,-14221,-1844,-1858,-889
1288,00:13.3,-6503,6044,-13910,903,-901,799
1290,00:13.3,-6214,5973,-14116,704,-695,964
1292,00:13.3,-6137,6140,-13798,702,-379,1071
1294,00:13.3,-5948,6290,-13728,609,148,981
1296,00:13.4,-5853,6195,-13982,606,493,850
1297,00:13.4,-5745,6245,-13750,527,592,779
1299,00:13.4,-5599,6522,-13530,468,950,598
1301,00:13.4,-5462,6473,-13709,627,1623,241
1303,00:13.4,-5440,6062,-14133,927,2137,1
1305,00:13.4,-5351,6259,-13812,1191,2283,-183
1265,00:13.5,-4767,6637,-14304,-1800,-1863,-856
1308,00:13.5,-5047,6551,-14269,922,3269,-1210
1310,00:13.5,-4765,6299,-14558,951,3604,-1925
1312,00:13.5,-4621,6451,-14228,818,3753,-2647
1314,00:13.5,-4226,6268,-14545,924,4101,-3431
1316,00:13.6,-4062,6029,-15113,1123,4404,-4123
1317,00:13.6,-4133,5881,-15124,1236,4384,-4351
1319,00:13.6,-3934,5625,-14648,1744,4166,-4554
1321,00:13.6,-3770,5752,-14278,2446,4492,-4846
1323,00:13.6,-3490,5282,-14884,2833,5139,-5278
1325,00:13.6,-3272,4732,-14972,3015,5246,-5445
1267,00:13.7,-4990,6299,-14222,-1753,-1801,-779
1328,00:13.7,-2772,5306,-15034,4215,5623,-6423
1330,00:13.7,-2658,5034,-16271,4889,5730,-7905
1332,00:13.7,-2482,4481,-16521,4980,4783,-9085
1334,00:13.7,-2219,6137,-15339,5410,3847,-11099
1336,00:13.8,-2020,5930,-15325,4755,4280,-14302
1337,00:13.8,-2086,5052,-15967,4276,4369,-15703
1339,00:13.8,-2158,5083,-15798,3940,3354,-18034
1341,00:13.8,-1882,6405,-14893,3384,2962,-21319
1343,00:13.8,-1646,5023,-15986,1806,3580,-25121
1345,00:13.8,-1410,2929,-17284,1000,3043,-27412
1269,00:13.9,-5123,6600,-14251,-1477,-1714,-561
1348,00:13.9,-1999,1253,-17250,1039,703,-28161
1350,00:13.9,-2079,728,-16468,1103,-816,-27784
1352,00:13.9,-2327,-270,-15989,1664,-1817,-26618
1354,00:13.9,-2864,-815,-15954,2025,-2063,-24894
1356,00:14.0,-3521,-1695,-15791,1978,-2375,-22377
1357,00:14.0,-3804,-1943,-15721,1862,-2560,-20860
1359,00:14.0,-4260,-2637,-15348,1302,-2653,-17520
1361,00:14.1,-4653,-2691,-14907,603,-2366,-13957
1372,00:14.1,-4879,-133,-16230,-1610,349,-1994
1374,00:14.1,-4850,-70,-16540,-1603,-179,-1467
1376,00:14.2,-4763,190,-16158,-1543,-634,-1259
1377,00:14.2,-4720,166,-16124,-1548,-720,-1238
1379,00:14.2,-4806,51,-16004,-1761,-801,-1206
1381,00:14.2,-4969,136,-15402,-1820,-1051,-1089
1383,00:14.2,-4857,388,-15133,-1815,-876,-1181
1385,00:14.2,-4836,249,-15377,-1825,-205,-1369
1363,00:14.3,-4961,-2211,-14941,196,-1605,-10758
1388,00:14.3,-4962,191,-15959,-1266,-275,-1081
1390,00:14.3,-4985,576,-15667,-1117,-348,-947
1392,00:14.3,-4992,763,-15618,-1200,-119,-1064
1394,00:14.3,-5142,415,-15636,-1343,-134,-935
1396,00:14.4,-5271,306,-15323,-1289,-588,-452
1397,00:14.4,-5305,513,-15150,-1190,-774,-232
1399,00:14.4,-5236,582,-15096,-999,-655,45
1401,00:14.4,-5273,365,-15263,-694,-542,345
1403,00:14.4,-5338,521,-15473,-381,-666,665
1405,00:14.4,-5461,612,-15846,-381,-773,807
1365,00:14.5,-5127,-2285,-15776,-633,-545,-7873
1408,00:14.5,-5351,754,-16082,-489,-782,805
1410,00:14.5,-5446,805,-15902,-555,-740,697
1412,00:14.5,-5452,702,-15655,-503,-518,472
1414,00:14.5,-5211,411,-15857,-396,-384,387
1416,00:14.6,-5232,339,-16132,-309,-448,467
1417,00:14.6,-5257,315,-16102,-423,-462,537
1419,00:14.6,-5173,364,-15659,-548,-394,776
1421,00:14.6,-5117,543,-15643,-524,89,781
1423,00:14.6,-5138,196,-15783,-560,516,796
1425,00:14.6,-5376,-432,-16051,-461,394,1443
1367,00:14.7,-5230,-1902,-15957,-1024,-506,-5020
1428,00:14.7,-4880,-103,-15205,-230,522,2946
1430,00:14.7,-4552,16,-15496,-347,1258,3705
1432,00:14.7,-4650,-259,-16426,-172,1141,4709
1434,00:14.7,-4648,-233,-16563,-5,287,6003
1436,00:14.8,-4450,290,-15865,264,-184,7063
1437,00:14.8,-4392,350,-15848,243,-107,7461
1439,00:14.8,-4377,399,-16358,190,-162,8310
1441,00:14.8,-4464,788,-16233,259,-527,9253
1443,00:14.8,-4397,1283,-15684,546,-591,9758
1445,00:14.8,-4305,1318,-15470,849,-312,9907
1369,00:14.9,-5090,-572,-15252,-926,-586,-3096
1448,00:14.9,-4210,1331,-15657,1470,-482,10268
1450,00:14.9,-4073,1923,-14749,2062,-552,10216
1452,00:14.9,-3951,2001,-14953,2443,-117,9790
1454,00:14.9,-3926,1712,-15677,2652,-173,9431
1456,00:15.0,-3922,1900,-16477,2541,-979,9241
1457,00:15.0,-3928,1754,-16592,2276,-1448,9174
1459,00:15.0,-3968,1311,-16156,2031,-2323,9021
1461,00:15.1,-4080,938,-15920,2175,-3102,9016
1472,00:15.1,-5622,1397,-15476,1292,-4234,7018
1474,00:15.1,-5977,1752,-15527,1280,-4079,6925
1476,00:15.2,-6362,2270,-15505,1150,-3761,6632
1477,00:15.2,-6600,2526,-15371,925,-3528,6421
1479,00:15.2,-6747,2575,-15474,529,-3002,5990
1481,00:15.2,-6928,2560,-15572,446,-2385,5600
1483,00:15.2,-7072,2743,-15701,521,-1814,5182
1485,00:15.2,-7361,2677,-15843,260,-1485,4697
1463,00:15.3,-4392,1068,-15485,2541,-3883,9021
1488,00:15.3,-7581,2755,-15270,-180,-1810,4323
1490,00:15.3,-7625,2436,-15430,-1107,-1831,4216
1492,00:15.3,-7663,2277,-14881,-1657,-1804,4306
1494,00:15.3,-7981,2728,-13523,-1983,-1704,4631
1496,00:15.4,-7963,2938,-13088,-2155,-973,4791
1497,00:15.4,-7971,2972,-13153,-2226,-577,4875
1499,00:15.4,-8074,2703,-13229,-1869,-373,5193
1501,00:15.4,-7790,2784,-13509,-1433,-725,5761
1503,00:15.4,-7642,3412,-12975,-1442,-992,6136
1505,00:15.4,-7254,4459,-12879,-1983,-618,5949
1465,00:15.5,-4372,1504,-14942,2705,-3993,8697
1508,00:15.5,-6898,4324,-14757,-3683,11,5374
1510,00:15.5,-6569,4746,-14642,-4236,-722,5444
1512,00:15.5,-6427,4860,-14797,-4571,-895,5395
1514,00:15.5,-6102,4795,-15249,-4500,-1293,5438
1516,00:15.6,-6094,4318,-14893,-4426,-2187,6149
1517,00:15.6,-6063,5034,-14026,-4253,-2689,6577
1519,00:15.6,-5946,5232,-13597,-4038,-2691,7101
1521,00:15.6,-5765,5071,-14352,-3871,-2164,7573
1523,00:15.6,-5482,4787,-14984,-3330,-2461,8621
1525,00:15.6,-5251,5312,-14773,-3263,-3112,9825
1467,00:15.7,-4850,1987,-15324,2011,-3525,7987
1528,00:15.7,-4487,6243,-13898,-3550,-3506,10989
1530,00:15.7,-4185,6761,-13791,-3669,-3239,11347
1532,00:15.7,-4224,7357,-13276,-3790,-2967,11449
1534,00:15.7,-4162,7988,-13531,-3949,-2639,11300
1536,00:15.8,-4315,8234,-14121,-3503,-2363,10833
1537,00:15.8,-4368,8380,-14043,-3174,-2379,10574
1539,00:15.8,-4438,8736,-14158,-2440,-2799,9981
1541,00:15.8,-4351,9706,-13412,-2194,-3042,9022
1543,00:15.8,-4427,10049,-13317,-1893,-2533,7391
1545,00:15.8,-4441,9811,-13648,-1412,-1934,5560
1469,00:15.9,-5377,1718,-15788,1302,-3616,7380
1548,00:15.9,-4450,9506,-13475,-921,-2170,3338
1550,00:15.9,-4402,8876,-13316,-1003,-2634,2336
1552,00:15.9,-4437,8613,-12858,-185,-2851,1565
1554,00:15.9,-4621,8408,-13041,447,-2982,1072
1556,00:16.0,-4844,7968,-13275,638,-3188,866
1557,00:16.0,-5060,7883,-13321,532,-3429,889
1559,00:16.0,-5285,7666,-13112,327,-3905,1072
1561,00:16.1,-5260,7625,-12792,270,-3996,1279
1572,00:16.1,-5207,8095,-12985,-665,-2242,579
1574,00:16.1,-5263,8309,-13399,-925,-2470,157
1576,00:16.2,-5402,8603,-13004,-1148,-2702,-291
1577,00:16.2,-5593,8566,-12885,-1143,-2716,-473
1579,00:16.2,-5864,8278,-12582,-810,-2826,-710
1581,00:16.2,-5899,8365,-12695,-454,-2835,-761
1583,00:16.2,-6303,8605,-13054,-378,-2918,-837
1585,00:16.2,-6612,8585,-13187,-541,-3084,-809
1563,00:16.3,-5344,7471,-12672,264,-3757,1424
1588,00:16.3,-6956,8609,-12768,-527,-3282,-717
1590,00:16.3,-7206,8713,-12578,-430,-3104,-612
1592,00:16.3,-7377,8660,-11939,-99,-2746,-622
1594,00:16.3,-7580,8440,-11652,289,-2115,-677
1596,00:16.4,-7654,8476,-11224,452,-1586,-695
1597,00:16.4,-7513,8561,-11278,354,-1305,-708
1599,00:16.4,-7453,8715,-11330,178,-702,-809
1601,00:16.4,-7521,8866,-11711,-127,-138,-995
1603,00:16.4,-7484,8720,-11893,-361,146,-1151
1605,00:16.4,-7485,8444,-11949,-367,278,-1095
1565,00:16.5,-5286,7656,-12517,10,-3425,1512
1608,00:16.5,-7336,8407,-12277,-178,589,-972
1610,00:16.5,-7250,8360,-12417,-45,690,-858
1612,00:16.5,-7127,8492,-12524,31,624,-733
1614,00:16.5,-7163,8441,-12406,9,484,-673
1616,00:16.6,-7133,8516,-12369,89,261,-635
1617,00:16.6,-7100,8459,-12427,73,168,-648
1619,00:16.6,-7291,8354,-12347,147,-124,-621
1621,00:16.6,-7337,8282,-11993,217,-343,-564
1623,00:16.6,-7381,8223,-11881,173,-336,-420
1625,00:16.6,-7493,8134,-11758,81,-269,-221
1567,00:16.7,-5259,7713,-12350,-319,-3106,1470
1628,00:16.7,-7512,8309,-11600,-16,-38,-50
1630,00:16.7,-7404,8304,-11598,-47,157,-27
1632,00:16.7,-7341,8357,-11675,-59,288,-34
1634,00:16.7,-7347,8271,-11887,-96,259,5
1636,00:16.8,-7362,8192,-12074,-121,137,121
1637,00:16.8,-7343,8349,-12162,-122,56,174
1639,00:16.8,-7340,8484,-12281,-270,11,172
1641,00:16.8,-7335,8510,-12410,-419,77,113
1643,00:16.8,-7286,8476,-12359,-354,95,1
1645,00:16.8,-7241,8313,-12283,-90,140,-70
1569,00:16.9,-5110,7940,-12057,-540,-2687,1245
1648,00:16.9,-7050,8187,-12628,126,362,-156
1650,00:16.9,-7006,7999,-12620,231,346,-242
1652,00:16.9,-6914,7794,-12478,381,217,-288
1654,00:16.9,-6784,7838,-12107,382,136,-312
1656,00:17.0,-6826,7879,-11972,186,228,-417
1657,00:17.0,-6881,7918,-11986,17,292,-491
1659,00:17.0,-6806,7814,-12112,-249,334,-560
1661,00:17.1,-6798,7712,-12112,-363,291,-588
1672,00:17.1,-7187,8517,-11898,-1056,-425,150
1674,00:17.1,-7280,8822,-11882,-1170,-549,141
1676,00:17.2,-7304,9082,-11767,-1343,-594,-35
1677,00:17.2,-7330,9205,-11673,-1441,-582,-123
1679,00:17.2,-7325,9369,-11569,-1417,-427,-334
1681,00:17.2,-7381,9264,-11672,-1245,-194,-476
1683,00:17.2,-7454,9142,-11825,-961,-2,-471
1685,00:17.2,-7471,8927,-11798,-697,28,-292
1663,00:17.3,-6776,7782,-12104,-370,142,-533
1688,00:17.3,-7375,8858,-11920,-340,-9,128
1690,00:17.3,-7360,8889,-12069,-206,-39,346
1692,00:17.3,-7466,8884,-12111,-170,-78,493
1694,00:17.3,-7393,8988,-11929,-184,-164,533
1696,00:17.4,-7372,9118,-11818,-136,-217,466
1697,00:17.4,-7439,9104,-11796,-101,-234,381
1699,00:17.4,-7347,8965,-11722,35,-212,228
1701,00:17.4,-7341,8823,-11661,172,-168,123
1703,00:17.4,-7311,8719,-11675,176,-19,86
1705,00:17.4,-7233,8602,-11624,124,129,91
1665,00:17.5,-6818,7767,-11992,-378,2,-407
1708,00:17.5,-7095,8617,-12026,64,186,169
1710,00:17.5,-7150,8552,-12117,36,-93,262
1712,00:17.5,-7142,8663,-11989,28,-303,304
1714,00:17.5,-7088,8820,-11812,-45,-298,263
1716,00:17.6,-7170,8791,-11761,-39,-157,155
1717,00:17.6,-7145,8750,-11727,-14,-128,123
1719,00:17.6,-7185,8706,-11828,87,-111,106
1721,00:17.6,-7224,8655,-11812,78,-127,116
1723,00:17.6,-7245,8632,-11943,63,-140,141
1725,00:17.6,-7238,8663,-11914,70,-215,106
1667,00:17.7,-6975,7901,-12085,-553,-79,-242
1728,00:17.7,-7309,8556,-11861,12,-229,73
1730,00:17.7,-7373,8510,-11955,20,-123,89
1732,00:17.7,-7358,8548,-11988,-26,-108,79
1734,00:17.7,-7351,8568,-11987,-111,-130,92
1736,00:17.8,-7384,8450,-11837,-92,-103,88
1737,00:17.8,-7411,8762,-11860,14,-97,42
1739,00:17.8,-7316,8625,-11911,-90,-51,-34
1741,00:17.8,-7363,8597,-11836,-152,-14,-162
1743,00:17.8,-7435,8517,-11874,-209,36,-233
1745,00:17.8,-7375,8470,-11732,-258,123,-256
1669,00:17.9,-7052,8041,-12003,-829,-222,-26
1748,00:17.9,-7314,8489,-11779,-305,275,-254
1750,00:17.9,-7292,8515,-12031,-360,237,-272
1752,00:17.9,-7120,8536,-11911,-377,127,-283
1754,00:17.9,-7275,8566,-11804,-438,132,-360
1756,00:18.0,-7261,8593,-11834,-435,158,-373
1757,00:18.0,-7244,8550,-11895,-437,155,-388
1759,00:18.0,-7270,8559,-11929,-482,109,-373
1761,00:18.1,-7252,8558,-11901,-548,7,-283
1772,00:18.1,-7087,8692,-11834,-263,311,-133
1774,00:18.1,-7097,8609,-11915,-200,190,14
1776,00:18.2,-7127,8620,-11927,-75,-23,133
1777,00:18.2,-7110,8690,-11911,-2,-107,188
1779,00:18.2,-7168,8866,-11914,44,-221,239
1781,00:18.2,-7141,8869,-11865,73,-225,187
1783,00:18.2,-7185,8857,-11763,118,-234,79
1785,00:18.2,-7277,8793,-11736,147,-267,19
1763,00:18.3,-7373,8677,-11717,-519,21,-199
1788,00:18.3,-7278,8936,-11574,248,-304,-37
1790,00:18.3,-7279,8960,-11646,142,-114,-136
1792,00:18.3,-7281,8927,-11832,41,-61,-256
1794,00:18.3,-7383,8885,-11776,32,-155,-335
1796,00:18.4,-7474,8765,-11817,115,-269,-306
1797,00:18.4,-7472,8684,-11606,228,-289,-293
1799,00:18.4,-7500,8709,-11497,281,-145,-172
1801,00:18.4,-7581,8646,-11513,260,75,-8
1803,00:18.4,-7651,8735,-11679,257,171,105
1805,00:18.4,-7542,8782,-11691,223,129,108
1765,00:18.5,-7257,8801,-11697,-474,154,-211
1808,00:18.5,-7486,9032,-11642,150,203,-123
1810,00:18.5,-7545,8937,-11769,34,361,-357
1812,00:18.5,-7484,8839,-11717,38,448,-500
1814,00:18.5,-7239,8750,-11715,25,630,-555
1816,00:18.6,-7127,8702,-11865,67,832,-603
1817,00:18.6,-7186,8620,-11969,66,892,-627
1819,00:18.6,-7088,8509,-12183,116,835,-530
1821,00:18.6,-6979,8464,-12225,179,644,-384
1823,00:18.6,-6997,8408,-12244,238,472,-237
1825,00:18.6,-6908,8413,-12236,223,351,-108
1767,00:18.7,-7233,8849,-11749,-378,293,-228
1828,00:18.7,-6827,8397,-12180,245,172,87
1830,00:18.7,-6930,8311,-12095,358,77,140
1832,00:18.7,-6846,8257,-12228,516,-38,194
1834,00:18.7,-6910,8253,-12245,557,-140,201
1836,00:18.8,-6994,8165,-12229,505,-302,238
1837,00:18.8,-7027,8145,-12163,472,-381,261
1839,00:18.8,-7161,8170,-12082,369,-488,251
1841,00:18.8,-7245,8223,-12051,259,-532,232
1843,00:18.8,-7254,8172,-12088,146,-564,229
1845,00:18.8,-7277,8219,-12039,80,-578,209
1769,00:18.9,-7104,8776,-11740,-315,335,-226
1848,00:18.9,-7276,8295,-12071,-110,-509,132
1850,00:18.9,-7349,8336,-11938,-98,-445,102
1852,00:18.9,-7325,8386,-11962,-112,-331,56
1854,00:18.9,-7325,8232,-12050,-106,-260,43
1856,00:19.0,-7317,8277,-12252,-126,-306,93
1857,00:19.0,-7296,8266,-12191,-98,-375,145
1859,00:19.0,-7371,8374,-12125,-90,-515,207
1861,00:19.1,-7440,8463,-12077,-90,-615,186
1872,00:19.1,-7700,8510,-11809,-187,-598,-461
1874,00:19.1,-7687,8462,-11813,-214,-537,-533
1876,00:19.2,-7569,8374,-11713,-177,-416,-568
1877,00:19.2,-7673,8391,-11693,-190,-325,-550
1879,00:19.2,-7563,8296,-11631,-178,-130,-473
1881,00:19.2,-7419,8233,-11784,-179,87,-345
1883,00:19.2,-7466,8089,-12011,-106,196,-103
1885,00:19.2,-7471,8025,-12089,-63,117,149
1863,00:19.3,-7385,8383,-11963,-81,-689,110
1888,00:19.3,-7431,8387,-12160,-55,-108,467
1890,00:19.3,-7459,8558,-12023,-132,-195,422
1892,00:19.3,-7466,8617,-12031,-118,-322,267
1894,00:19.3,-7479,8581,-11838,-61,-352,54
1896,00:19.4,-7434,8592,-11752,-12,-315,-118
1897,00:19.4,-7503,8555,-11765,-10,-256,-213
1899,00:19.4,-7530,8429,-11892,-70,-148,-366
1901,00:19.4,-7509,8325,-11889,-150,-184,-391
1903,00:19.4,-7407,8215,-11892,-317,-269,-335
1905,00:19.4,-7477,8206,-11862,-358,-262,-198
1865,00:19.5,-7475,8454,-11906,-53,-796,57
1908,00:19.5,-7642,8275,-11702,-152,-174,14
1910,00:19.5,-7722,8528,-11884,-144,-208,95
1912,00:19.5,-7702,8451,-11871,-160,-260,120
1914,00:19.5,-7802,8675,-11644,44,-281,115
1916,00:19.6,-7751,8606,-11754,44,-230,122
1917,00:19.6,-7765,8577,-11748,83,-183,115
1919,00:19.6,-7790,8581,-11690,111,-64,48
1921,00:19.6,-7779,8564,-11744,174,38,17
1923,00:19.6,-7669,8571,-11702,292,152,-60
1925,00:19.6,-7625,8501,-11991,303,186,-157
1867,00:19.7,-7577,8531,-11869,-27,-825,-61
1928,00:19.7,-7608,8302,-11918,260,163,-299
1930,00:19.7,-7676,8241,-11935,236,115,-324
1932,00:19.7,-7598,8236,-11954,275,18,-300
1934,00:19.7,-7537,8180,-11948,268,-32,-275
1936,00:19.8,-7600,8141,-11908,209,-54,-231
1937,00:19.8,-7655,8169,-11892,206,-68,-204
1939,00:19.8,-7702,8179,-11891,121,-102,-188
1941,00:19.8,-7692,8255,-11993,-58,-118,-194
1943,00:19.8,-7750,8049,-11935,-127,-104,-150
1945,00:19.8,-7739,8039,-11848,-107,-125,-107
1869,00:19.9,-7558,8597,-11745,-49,-806,-233
1948,00:19.9,-7766,8094,-11671,-121,-158,3
1950,00:19.9,-7705,8305,-11699,-189,-16,-34
1952,00:19.9,-7812,8394,-11928,-299,211,-211
1954,00:19.9,-7854,8403,-11995,-326,214,-355
1956,00:20.0,-7780,8384,-12005,-273,114,-466
1957,00:20.0,-7830,8343,-11818,-184,119,-498
1959,00:20.0,-7808,8356,-11818,-78,195,-483
1961,00:20.1,-7784,8314,-11917,-39,319,-471
1972,00:20.1,-7547,8242,-11960,-122,268,-177
1974,00:20.1,-7635,8092,-11982,-89,271,-67
1976,00:20.2,-7535,8058,-11852,24,294,19
1977,00:20.2,-7479,8094,-11892,106,330,64
1979,00:20.2,-7480,8010,-12043,201,352,168
1981,00:20.2,-7466,8077,-12154,221,243,296
1983,00:20.2,-7512,8093,-12129,187,210,308
1985,00:20.2,-7546,8078,-12141,136,111,289
1963,00:20.3,-7839,8235,-11782,84,383,-434
1988,00:20.3,-7548,8040,-12061,-110,-216,302
1990,00:20.3,-7608,8054,-11905,-172,-260,316
1992,00:20.3,-7599,8173,-11815,-212,-216,269
1994,00:20.3,-7674,8319,-11948,-285,-156,161
1996,00:20.4,-7699,8154,-12144,-240,-118,-27
1997,00:20.4,-7740,8399,-12179,-259,-211,-74
1999,00:20.4,-7802,8300,-11884,-325,-202,-203
2001,00:20.4,-7893,8262,-11793,-250,-166,-210
2003,00:20.4,-7864,8240,-11698,-275,-60,-173
2005,00:20.4,-7874,8155,-11782,-149,10,-99
1965,00:20.5,-7731,8057,-12002,91,402,-426
2008,00:20.5,-7886,8202,-11836,-63,182,-10
2010,00:20.5,-7834,8197,-11890,-22,342,41
2012,00:20.5,-7886,8301,-11924,-7,434,13
2014,00:20.5,-7775,8335,-12016,11,503,-97
2016,00:20.6,-7770,8281,-12000,84,576,-182
2017,00:20.6,-7724,8260,-11937,95,633,-222
2019,00:20.6,-7603,8125,-11847,218,742,-236
2021,00:20.6,-7474,8127,-11969,301,830,-232
2023,00:20.6,-7391,8140,-12160,226,862,-232
2025,00:20.6,-7360,8044,-12080,127,849,-236
1967,00:20.7,-7656,8221,-11884,64,300,-352
2028,00:20.7,-7400,7950,-12330,353,892,-140
2030,00:20.7,-7338,7891,-12374,507,861,-95
2032,00:20.7,-7239,7900,-12293,503,904,-93
2034,00:20.7,-7212,8003,-12488,343,880,-135
2036,00:20.8,-7334,7970,-12706,212,718,-201
2037,00:20.8,-7419,8044,-12658,230,579,-236
2039,00:20.8,-7407,8071,-12463,219,357,-305
2041,00:20.8,-7386,8190,-12419,146,322,-479
2043,00:20.8,-7437,8139,-12229,106,347,-592
2045,00:20.8,-7459,8078,-12221,114,431,-708
1969,00:20.9,-7638,8126,-12064,-56,260,-296
2048,00:20.9,-7475,7834,-12222,127,536,-722
2050,00:20.9,-7432,7660,-12207,45,538,-594
2052,00:20.9,-7397,7588,-12122,-21,520,-433
2054,00:20.9,-7375,7686,-12274,-90,592,-255
2056,00:21.0,-7280,7733,-12255,-164,634,-189
2057,00:21.0,-7214,7678,-12341,-172,665,-169
2059,00:21.0,-7193,7779,-12372,-398,599,-105
2061,00:21.1,-7135,7760,-12504,-585,445,-28
2072,00:21.1,-7085,8248,-12435,-643,227,-880
2074,00:21.1,-7003,8290,-12555,-593,132,-1153
2076,00:21.2,-6970,8271,-12627,-661,107,-1435
2077,00:21.2,-6973,8186,-12627,-717,106,-1490
2079,00:21.2,-6977,7956,-12561,-783,103,-1467
2081,00:21.2,-7121,7771,-12573,-693,99,-1230
2083,00:21.2,-7216,7799,-12636,-511,64,-820
2085,00:21.2,-7257,7735,-12593,-422,-13,-348
2063,00:21.3,-7225,8005,-12524,-665,200,-26
2088,00:21.3,-7301,7946,-12408,-336,-124,307
2090,00:21.3,-7315,8032,-12414,-355,-176,594
2092,00:21.3,-7298,8020,-12397,-369,-272,786
2094,00:21.3,-7416,7857,-12276,-231,-469,922
2096,00:21.4,-7421,7935,-12168,-57,-499,1074
2097,00:21.4,-7400,8237,-11973,111,-432,1074
2099,00:21.4,-7329,8309,-11930,285,-279,952
2101,00:21.4,-7262,8545,-12012,203,-100,680
2103,00:21.4,-7226,8336,-12157,82,49,336
2105,00:21.4,-7420,8258,-12200,-11,19,74
2065,00:21.5,-7218,8072,-12254,-704,45,-122
2108,00:21.5,-7380,8055,-12095,-55,-131,-128
2110,00:21.5,-7478,8044,-12064,-9,-108,-154
2112,00:21.5,-7435,7962,-12135,30,-98,-89
2114,00:21.5,-7401,7947,-12046,0,-9,11
2116,00:21.6,-7315,8006,-12122,-128,110,118
2117,00:21.6,-7314,8038,-12255,-161,141,141
2119,00:21.6,-7309,8042,-12404,-151,37,206
2121,00:21.6,-7310,8118,-12276,-51,-148,238
2123,00:21.6,-7368,8149,-12192,73,-185,233
2125,00:21.6,-7261,8166,-12168,96,-185,196
2067,00:21.7,-7114,8174,-12241,-713,90,-269
2128,00:21.7,-7488,8104,-12327,109,-109,281
2130,00:21.7,-7500,8138,-12088,21,-171,322
2132,00:21.7,-7382,8121,-12151,73,-111,288
2134,00:21.7,-7440,8074,-12180,50,-54,253
2136,00:21.8,-7467,8138,-12257,34,-25,215
2137,00:21.8,-7461,8149,-12225,20,-67,178
2139,00:21.8,-7360,8171,-12049,-49,-58,100
2141,00:21.8,-7262,8104,-12132,-159,103,-16
2143,00:21.8,-7320,7966,-12282,-257,201,-117
2145,00:21.8,-7385,7922,-12341,-228,136,-78
2069,00:21.9,-7141,8210,-12168,-806,218,-477
2148,00:21.9,-7330,7913,-12276,-226,20,84
2150,00:21.9,-7359,8049,-12112,-236,49,152
2152,00:21.9,-7263,8100,-12149,-313,165,117
2154,00:21.9,-7264,8109,-12220,-253,258,55
2156,00:22.0,-7291,8162,-12253,-235,262,-2
2157,00:22.0,-7266,8160,-12249,-244,253,-45
2159,00:22.0,-7235,8226,-12235,-252,223,-112
2161,00:22.1,-7270,8175,-12334,-297,210,-152
2172,00:22.1,-7236,8309,-12363,-368,175,-348
2174,00:22.1,-7227,8365,-12065,-481,122,-362
2176,00:22.2,-7243,8371,-11955,-540,261,-388
2177,00:22.2,-7161,8454,-11903,-531,351,-433
2179,00:22.2,-6992,8317,-11920,-505,577,-519
2181,00:22.2,-6912,8161,-11976,-553,756,-537
2183,00:22.2,-6887,7662,-12334,-648,726,-263
2185,00:22.2,-6825,7340,-12434,-673,497,179
2163,00:22.3,-7270,8171,-12257,-231,194,-189
2188,00:22.3,-6858,6939,-13076,-995,-121,1264
2190,00:22.3,-6697,7287,-12465,-946,-839,2255
2192,00:22.3,-6628,8140,-11956,-1234,-929,2796
2194,00:22.3,-6796,8853,-12003,-1662,-788,2726
2196,00:22.4,-6829,9446,-11881,-1719,-667,2193
2197,00:22.4,-6808,9788,-11896,-1610,-550,1732
2199,00:22.4,-6651,10699,-11608,-1232,-333,329
2201,00:22.4,-6909,11438,-11663,-1056,-54,-1927
2203,00:22.4,-7179,9986,-12352,-1454,149,-4104
2205,00:22.4,-7390,8335,-12459,-879,-629,-4793
2165,00:22.5,-7213,8208,-12251,-180,231,-208
2208,00:22.5,-7543,7440,-11529,-220,-1103,-3584
2210,00:22.5,-7539,7376,-11208,-44,-638,-2170
2212,00:22.5,-7684,7546,-11590,-152,-151,-825
2214,00:22.5,-7689,7890,-11974,-317,-3,249
2216,00:22.6,-7520,8034,-11924,-398,-183,1032
2217,00:22.6,-7500,8145,-11902,-364,-297,1312
2219,00:22.6,-7427,8304,-11926,-220,-468,1666
2221,00:22.6,-7377,8434,-11901,-87,-565,1818
2223,00:22.6,-7413,8358,-11997,-23,-694,2019
2225,00:22.6,-7293,8380,-11862,59,-956,2264
2167,00:22.7,-7203,8264,-12318,-157,291,-240
2228,00:22.7,-7225,8835,-11726,70,-1094,2379
2230,00:22.7,-7334,8717,-11782,48,-1094,2301
2232,00:22.7,-7228,9108,-11764,170,-1223,2140
2234,00:22.7,-7223,9362,-11559,94,-1199,1822
2236,00:22.8,-7204,9519,-11632,-145,-1082,1309
2237,00:22.8,-7135,9427,-11558,-280,-974,1058
2239,00:22.8,-7275,9261,-11660,-266,-887,653
2241,00:22.8,-7355,9118,-11620,-162,-845,343
2243,00:22.8,-7262,9038,-11570,-169,-691,104
2245,00:22.8,-7182,8951,-11546,-194,-561,-56
2169,00:22.9,-7197,8298,-12328,-176,284,-305
2248,00:22.9,-7261,8855,-11698,-209,-618,-91
2250,00:22.9,-7355,8737,-11651,-224,-711,-21
2252,00:22.9,-7328,8675,-11534,-207,-795,66
2254,00:22.9,-7389,8711,-11577,-260,-888,158
2256,00:23.0,-7494,8904,-11504,-345,-989,220
2257,00:23.0,-7614,8965,-11532,-373,-994,193
2259,00:23.0,-7617,9045,-11376,-433,-973,108
2261,00:23.1,-7627,9105,-11371,-428,-874,0
2272,00:23.1,-7794,8788,-11301,-9,-560,19
2274,00:23.1,-7935,8879,-11307,-155,-694,232
2276,00:23.2,-7887,9053,-11098,-212,-569,251
2277,00:23.2,-7853,9126,-11110,-264,-456,199
2279,00:23.2,-7983,9230,-11272,-294,-307,43
2281,00:23.2,-7999,9173,-11297,-222,-340,-84
2283,00:23.2,-8071,9043,-11181,-135,-386,-137
2285,00:23.2,-7961,8938,-11082,-45,-268,-146
2263,00:23.3,-7625,9090,-11337,-455,-773,-153
2288,00:23.3,-7924,8870,-11220,5,9,-73
2290,00:23.3,-7955,8788,-11297,71,41,-1
2292,00:23.3,-7911,8901,-11306,79,-50,39
2294,00:23.3,-7938,8952,-11248,103,-108,47
2296,00:23.4,-7990,8958,-11245,27,-63,0
2297,00:23.4,-7920,8984,-11166,49,-7,-12
2299,00:23.4,-7906,8960,-11117,55,125,-108
2301,00:23.4,-7955,9032,-11213,49,236,-190
2303,00:23.4,-7837,8921,-11338,65,261,-209
2305,00:23.4,-7848,8850,-11310,124,166,-187
2265,00:23.5,-7713,8982,-11338,-399,-686,-209
2308,00:23.5,-7935,8955,-11223,212,281,-262
2310,00:23.5,-7933,8856,-11279,236,393,-316
2312,00:23.5,-7884,8775,-11353,275,435,-297
2314,00:23.5,-7916,8926,-11292,287,481,-278
2316,00:23.6,-7836,8919,-11264,357,607,-369
2317,00:23.6,-7899,8944,-11367,401,680,-414
2319,00:23.6,-7808,8909,-11446,524,817,-551
2321,00:23.6,-7817,8778,-11481,605,856,-656
2323,00:23.6,-7858,8784,-11459,667,900,-729
2325,00:23.6,-7817,8837,-11455,698,1003,-824
2267,00:23.7,-7720,9026,-11240,-309,-593,-218
2328,00:23.7,-7806,8649,-11497,756,1227,-1021
2330,00:23.7,-7756,8605,-11513,783,1333,-1099
2332,00:23.7,-7749,8546,-11559,874,1432,-1182
2334,00:23.7,-7799,8497,-11631,935,1582,-1304
2336,00:23.8,-7771,8374,-11728,976,1684,-1390
2337,00:23.8,-7699,8321,-11812,963,1707,-1438
2339,00:23.8,-7672,8196,-11845,854,1774,-1455
2341,00:23.8,-7669,8004,-11910,777,1811,-1427
2343,00:23.8,-7622,7974,-12011,710,1824,-1321
2345,00:23.8,-7496,7915,-12199,604,1830,-1196
2269,00:23.9,-7863,8857,-11382,-188,-509,-154
2348,00:23.9,-7378,7920,-12206,324,1757,-1036
2350,00:23.9,-7284,7927,-12247,260,1674,-957
2352,00:23.9,-7230,7906,-12308,209,1624,-894
2354,00:23.9,-7168,7922,-12240,115,1619,-830
2356,00:24.0,-7100,7953,-12282,-32,1608,-779
2357,00:24.0,-7102,7940,-12379,-119,1550,-739
2359,00:24.0,-7104,7940,-12408,-280,1442,-682
2361,00:24.1,-7051,7972,-12443,-402,1255,-625
2372,00:24.1,-7031,8170,-12258,-214,640,-475
2374,00:24.1,-7097,8172,-12455,-298,505,-462
2376,00:24.2,-7020,8130,-12330,-396,349,-446
2377,00:24.2,-7068,8123,-12248,-433,306,-420
2379,00:24.2,-7054,8146,-12302,-484,360,-376
2381,00:24.2,-7106,8168,-12422,-553,401,-307
2383,00:24.2,-7127,8201,-12442,-478,272,-172
2385,00:24.2,-7115,8356,-12279,-433,206,-102
2363,00:24.3,-7032,8008,-12492,-425,1061,-555
2388,00:24.3,-7068,8521,-12276,-383,303,-224
2390,00:24.3,-7120,8474,-12320,-309,360,-351
2392,00:24.3,-7046,8409,-12291,-218,358,-428
2394,00:24.3,-7074,8252,-12397,-177,412,-474
2396,00:24.4,-7092,8112,-12291,-157,455,-396
2397,00:24.4,-7096,8079,-12402,-161,473,-344
2399,00:24.4,-6910,7994,-12499,-276,386,-220
2401,00:24.4,-6904,7965,-12595,-386,239,-39
2403,00:24.4,-6944,7939,-12517,-482,48,129
2405,00:24.4,-6882,8104,-12557,-517,-126,277
2365,00:24.5,-7019,8061,-12362,-433,828,-464
2408,00:24.5,-6837,8140,-12610,-748,-429,449
2410,00:24.5,-6887,8153,-12541,-879,-740,663
2412,00:24.5,-6861,8230,-12258,-932,-941,916
2414,00:24.5,-6769,8344,-12163,-964,-929,1076
2416,00:24.6,-6686,8238,-12074,-985,-878,1236
2417,00:24.6,-6667,8406,-11933,-954,-886,1286
2419,00:24.6,-6777,8635,-11933,-867,-828,1340
2421,00:24.6,-6806,8871,-12111,-808,-756,1231
2423,00:24.6,-6873,8842,-12154,-685,-842,1070
2425,00:24.6,-6830,8860,-12202,-569,-1061,970
2367,00:24.7,-7011,8179,-12222,-346,743,-435
2428,00:24.7,-6872,8707,-11956,-348,-1344,873
2430,00:24.7,-6873,8686,-11839,-296,-1278,860
2432,00:24.7,-7081,8763,-11954,-313,-1168,847
2434,00:24.7,-7092,8749,-12075,-341,-1101,811
2436,00:24.8,-7170,8710,-11959,-270,-1165,816
2437,00:24.8,-7234,8848,-11968,-249,-1192,819
2439,00:24.8,-7299,8800,-11876,-202,-1187,775
2441,00:24.8,-7292,8800,-11742,-166,-1098,691
2443,00:24.8,-7288,8734,-11713,-102,-955,592
2445,00:24.8,-7371,8758,-11739,-42,-887,482
2369,00:24.9,-7066,8172,-12244,-273,757,-475
2448,00:24.9,-7352,8689,-11575,25,-810,299
2450,00:24.9,-7442,8627,-11668,64,-697,174
2452,00:24.9,-7498,8544,-11665,74,-584,109
2454,00:24.9,-7579,8651,-11682,70,-461,61
2456,00:25.0,-7518,8707,-11759,46,-306,-12
2457,00:25.0,-7519,8721,-11798,28,-248,-45
2459,00:25.0,-7562,8682,-11723,58,-207,-144
2461,00:25.1,-7640,8667,-11698,77,-144,-251
2472,00:25.1,-7356,8546,-11889,119,171,-451
2474,00:25.1,-7283,8446,-12034,129,180,-378
2476,00:25.2,-7276,8368,-11964,243,120,-239
2477,00:25.2,-7257,8329,-11977,304,91,-151
2479,00:25.2,-7244,8369,-11965,417,42,-42
2481,00:25.2,-7125,8331,-12039,394,7,-15
2483,00:25.2,-7201,8264,-12132,347,-154,32
2485,00:25.2,-7277,8212,-12034,330,-364,91
2463,00:25.3,-7529,8627,-11783,104,-86,-285
2488,00:25.3,-7344,8209,-11823,210,-463,164
2490,00:25.3,-7290,8327,-11750,165,-411,165
2492,00:25.3,-7350,8337,-11846,156,-310,136
2494,00:25.3,-7386,8285,-11862,89,-311,137
2496,00:25.4,-7425,8295,-11974,-2,-413,145
2497,00:25.4,-7440,8373,-11841,-44,-466,150
2499,00:25.4,-7424,8454,-11814,-181,-547,124
2501,00:25.4,-7556,8573,-11733,-229,-497,40
2503,00:25.4,-7656,8690,-11701,-265,-361,-78
2505,00:25.4,-7734,8753,-11843,-290,-254,-167
2465,00:25.5,-7561,8629,-11807,105,-6,-316
2508,00:25.5,-7729,8683,-11795,-310,-245,-225
2510,00:25.5,-7784,8699,-11612,-204,-185,-200
2512,00:25.5,-7648,8726,-11545,-115,-19,-183
2514,00:25.5,-7685,8780,-11615,-110,155,-218
2516,00:25.6,-7696,8797,-11684,-104,226,-310
2517,00:25.6,-7648,8771,-11712,-80,221,-358
2519,00:25.6,-7644,8802,-11698,-9,212,-484
2521,00:25.6,-7456,8765,-11621,19,271,-627
2523,00:25.6,-7581,8656,-11790,-11,313,-731
2525,00:25.6,-7551,8577,-11783,-52,299,-720
2467,00:25.7,-7541,8699,-11906,135,31,-334
2528,00:25.7,-7493,8498,-11813,-61,404,-702
2530,00:25.7,-7492,8587,-11938,-33,417,-691
2532,00:25.7,-7420,8544,-11903,-6,354,-676
2534,00:25.7,-7321,8472,-11939,79,283,-633
2536,00:25.8,-7231,8285,-11874,118,323,-581
2537,00:25.8,-7168,8221,-11901,144,357,-511
2539,00:25.8,-7188,7964,-11986,241,456,-333
2541,00:25.8,-7069,7910,-12236,352,394,-91
2543,00:25.8,-7107,7882,-12430,350,187,119
2545,00:25.8,-7204,7868,-12486,278,-200,342
2469,00:25.9,-7498,8719,-11861,121,87,-385
2548,00:25.9,-7476,8075,-12267,196,-830,539
2550,00:25.9,-7615,8351,-12002,150,-1075,507
2552,00:25.9,-7757,8520,-11732,115,-1100,291
2554,00:25.9,-7857,8505,-11716,99,-958,-23
2556,00:26.0,-7870,8439,-11614,111,-823,-302
2557,00:26.0,-7887,8416,-11620,59,-755,-410
2559,00:26.0,-7865,8361,-11617,-27,-628,-586
2561,00:26.1,-8011,8328,-11599,-101,-538,-712
2572,00:26.1,-7973,8201,-11676,-44,-137,-324
2574,00:26.1,-7857,8026,-11830,-33,35,-203
2576,00:26.2,-7863,8001,-11974,-130,54,-11
2577,00:26.2,-7848,7952,-12016,-172,5,92
2579,00:26.2,-7865,8065,-11792,-120,-111,324
2581,00:26.2,-7821,8152,-11874,-17,-33,392
2583,00:26.2,-7927,8204,-11919,-73,1,328
2585,00:26.2,-7965,8432,-11943,-179,-83,194
2563,00:26.3,-7988,8296,-11684,-188,-437,-718
2588,00:26.3,-7822,8464,-11659,-329,-171,-96
2590,00:26.3,-7876,8408,-11674,-427,-28,-344
2592,00:26.3,-8039,8362,-11791,-321,188,-612
2594,00:26.3,-8038,8392,-11703,-254,182,-779
2596,00:26.4,-7890,8396,-11591,-273,133,-899
2597,00:26.4,-8013,8366,-11422,-257,205,-962
2599,00:26.4,-7944,8285,-11615,-300,394,-1067
2601,00:26.4,-7982,8017,-11841,-468,396,-1147
2603,00:26.4,-7885,7842,-11682,-569,269,-1123
2605,00:26.4,-7913,7966,-11753,-1030,75,-1027
2565,00:26.5,-7983,8261,-11691,-274,-383,-704
2608,00:26.5,-7871,7809,-11393,-1752,-13,-990
2610,00:26.5,-7942,8050,-11415,-1984,101,-875
2612,00:26.5,-7990,8013,-11608,-1605,302,-898
2614,00:26.5,-8060,8508,-11414,-1592,206,-775
2616,00:26.6,-8168,8655,-11752,-1602,198,-702
2617,00:26.6,-8224,8752,-11573,-1382,234,-641
2619,00:26.6,-8232,8735,-11559,-758,475,-431
2621,00:26.6,-8234,8756,-11738,124,684,-195
2623,00:26.6,-8094,8905,-11947,749,745,-1
2625,00:26.6,-8127,8936,-11959,1038,796,3
2567,00:26.7,-7987,8246,-11635,-267,-380,-597
2628,00:26.7,-8035,8714,-11899,988,712,-157
2630,00:26.7,-7869,8413,-11820,985,653,-312
2632,00:26.7,-7812,8029,-11678,923,633,-391
2634,00:26.7,-7604,7732,-11611,773,541,-413
2636,00:26.8,-7488,7834,-11638,295,396,-390
2637,00:26.8,-7535,7549,-11730,40,388,-414
2639,00:26.8,-7580,7604,-11944,-286,122,-373
2641,00:26.8,-7615,7422,-11665,-529,-281,-230
2643,00:26.8,-7740,7767,-11710,-816,-566,-69
2645,00:26.8,-7807,8134,-11512,-1179,-474,-79
2569,00:26.9,-8035,8181,-11737,-211,-360,-456
2648,00:26.9,-8103,8712,-12015,-1145,-180,-217
2650,00:26.9,-8218,9258,-11798,-956,-211,-347
2652,00:26.9,-8517,9161,-11722,-479,-25,-486
2654,00:26.9,-8319,9052,-11551,213,283,-612
2656,00:27.0,-8315,8894,-11782,662,704,-636
2657,00:27.0,-8266,8742,-11757,789,870,-623
2659,00:27.0,-8027,8544,-11767,940,1020,-587
2661,00:27.1,-7893,8312,-11797,1040,997,-569
2672,00:27.1,-7552,7528,-12142,611,439,-542
2674,00:27.1,-7594,7513,-12240,287,164,-482
2676,00:27.2,-7592,7598,-12171,-115,-245,-421
2677,00:27.2,-7577,7509,-12008,-254,-415,-370
2679,00:27.2,-7553,7469,-11840,-415,-528,-215
2681,00:27.2,-7707,7412,-11990,-502,-529,-38
2683,00:27.2,-7943,7445,-12170,-487,-646,135
2685,00:27.2,-7998,7506,-11917,-570,-723,293
2663,00:27.3,-7808,8178,-11926,1090,998,-553
2688,00:27.3,-8076,7838,-11528,-888,-587,270
2690,00:27.3,-8098,8026,-11687,-1254,-339,55
2692,00:27.3,-8124,7999,-11739,-1453,-169,-204
2694,00:27.3,-8282,8574,-11906,-1585,-27,-428
2696,00:27.4,-8359,8778,-11864,-1260,289,-751
2697,00:27.4,-8423,8850,-11904,-950,429,-891
2699,00:27.4,-8451,8803,-12011,-263,572,-1066
2701,00:27.4,-8290,8898,-12026,276,692,-1222
2703,00:27.4,-8199,8623,-12089,569,813,-1354
2705,00:27.4,-8075,8382,-12069,876,846,-1432
2665,00:27.5,-7813,7915,-12043,1164,944,-527
2708,00:27.5,-7709,7997,-12022,995,879,-1498
2710,00:27.5,-7644,7639,-12323,941,757,-1433
2712,00:27.5,-7605,7207,-12082,975,419,-1188
2714,00:27.5,-7520,7012,-11981,916,41,-786
2716,00:27.6,-7410,6836,-12092,712,-265,-389
2717,00:27.6,-7313,6752,-12143,602,-455,-186
2719,00:27.6,-7399,6746,-12171,229,-827,214
2721,00:27.6,-7593,6754,-12317,-266,-1285,548
2723,00:27.6,-7707,6766,-12236,-621,-1866,971
2725,00:27.6,-7848,7106,-12098,-865,-2254,1300
2667,00:27.7,-7612,7846,-11670,1168,756,-540
2728,00:27.7,-8163,7572,-11768,-1225,-2417,1422
2730,00:27.7,-8397,7754,-11725,-1406,-2349,1362
2732,00:27.7,-8529,8089,-11603,-1503,-2225,1183
2734,00:27.7,-8781,8278,-11513,-1567,-1993,972
2736,00:27.8,-9123,8466,-11390,-904,-1627,823
2737,00:27.8,-9257,8467,-11355,-472,-1409,750
2739,00:27.8,-9457,8585,-11547,301,-942,655
2741,00:27.8,-9407,8596,-11376,808,-600,515
2743,00:27.8,-9286,8453,-11386,904,-231,346
2745,00:27.8,-9184,8245,-11297,1042,37,184
2669,00:27.9,-7486,7791,-11723,1028,659,-582
2748,00:27.9,-8971,8170,-11271,1024,334,-164
2750,00:27.9,-8743,7899,-11241,829,426,-386
2752,00:27.9,-8635,7710,-11465,483,506,-568
2754,00:27.9,-8469,7351,-11398,404,515,-649
2756,00:28.0,-8433,7458,-11503,146,358,-674
2757,00:28.0,-8379,7364,-11496,-72,270,-675
2759,00:28.0,-8337,7319,-11541,-471,85,-622
2761,00:28.1,-8408,7487,-11411,-883,-102,-520
2772,00:28.1,-8417,8607,-12014,155,406,408
2774,00:28.1,-8383,8554,-12040,634,548,491
2776,00:28.2,-8357,8369,-12065,1100,581,591
2777,00:28.2,-8259,8276,-12095,1340,501,683
2779,00:28.2,-8239,7998,-12023,1546,324,752
2781,00:28.2,-8263,7924,-11922,1729,129,773
2783,00:28.2,-8199,7539,-11669,1704,55,748
2785,00:28.2,-8188,7351,-11700,1512,-67,698
2763,00:28.3,-8315,7504,-11307,-1302,-295,-298
2788,00:28.3,-8354,6873,-11756,959,-356,731
2790,00:28.3,-8458,6740,-11747,508,-606,751
2792,00:28.3,-8541,6809,-11636,-75,-806,704
2794,00:28.3,-8703,7018,-11466,-763,-930,564
2796,00:28.4,-8871,7422,-11415,-1497,-857,353
2797,00:28.4,-8869,7468,-11375,-1834,-754,173
2799,00:28.4,-9059,7768,-11255,-2005,-369,-189
2801,00:28.4,-9154,8074,-11335,-2214,-166,-485
2803,00:28.4,-9125,8289,-11343,-2084,253,-686
2805,00:28.4,-8950,8634,-11551,-1725,674,-806
2765,00:28.5,-8375,7853,-11468,-1316,-238,-133
2808,00:28.5,-8727,8877,-11686,-1019,1347,-885
2810,00:28.5,-8644,8947,-11828,-577,1528,-837
2812,00:28.5,-8340,8839,-11795,-83,1705,-707
2814,00:28.5,-8217,8613,-11787,419,1858,-538
2816,00:28.6,-8042,8516,-11873,883,1895,-370
2817,00:28.6,-8034,8400,-11866,1054,1878,-330
2819,00:28.6,-7825,8245,-11850,1262,1675,-233
2821,00:28.6,-7719,8009,-11909,1296,1456,-204
2823,00:28.6,-7695,7795,-11903,1165,1181,-217
2825,00:28.6,-7702,7774,-12057,835,913,-190
2767,00:28.7,-8419,8074,-11663,-1057,-33,25
2828,00:28.7,-7563,7503,-11885,243,508,-116
2830,00:28.7,-7501,7356,-11765,-65,467,-78
2832,00:28.7,-7519,7820,-12196,-405,346,-130
2834,00:28.7,-7487,7980,-12214,-957,29,-316
2836,00:28.8,-7487,7896,-12031,-1245,-240,-426
2837,00:28.8,-7610,7816,-12052,-1251,-272,-445
2839,00:28.8,-7657,7917,-12164,-1015,-414,-451
2841,00:28.8,-7888,7678,-12005,-813,-547,-321
2843,00:28.8,-8177,7193,-12078,-479,-636,130
2845,00:28.8,-8135,7390,-11860,-131,-684,706
2769,00:28.9,-8460,8166,-11732,-567,138,216
2848,00:28.9,-8352,7815,-12159,-132,-646,914
2850,00:28.9,-8387,7943,-11975,133,-806,924
2852,00:28.9,-8403,8144,-11593,321,-610,807
2854,00:28.9,-8490,8361,-11496,685,-83,511
2856,00:29.0,-8468,7950,-11746,1045,405,304
2857,00:29.0,-8593,7534,-11993,1466,528,391
2859,00:29.0,-8458,7152,-12289,2392,456,738
2861,00:29.1,-8245,6840,-12257,2791,325,1168
2872,00:29.1,-7922,7533,-12113,-418,-290,702
2874,00:29.1,-8005,7517,-12072,-480,-396,351
2876,00:29.2,-8047,7524,-11757,-173,-306,185
2877,00:29.2,-8153,7541,-11887,71,-90,162
2879,00:29.2,-8178,7667,-12041,440,415,215
2881,00:29.2,-8085,7716,-12407,527,756,234
2883,00:29.2,-8203,7656,-12703,470,754,276
2885,00:29.2,-8025,7649,-12685,568,591,320
2863,00:29.3,-8031,6915,-12446,2373,100,1494
2888,00:29.3,-7937,7468,-12330,718,612,396
2890,00:29.3,-7826,7138,-12279,748,692,553
2892,00:29.3,-7619,7159,-12240,590,880,602
2894,00:29.3,-7417,7109,-12209,568,1044,466
2896,00:29.4,-7298,7097,-12238,489,1052,270
2897,00:29.4,-7233,7085,-12195,401,1030,193
2899,00:29.4,-7140,6864,-12296,175,919,121
2901,00:29.4,-7087,7036,-12098,66,722,177
2903,00:29.4,-7048,7099,-12289,26,742,190
2905,00:29.4,-7031,6984,-12406,-139,749,170
2865,00:29.5,-7886,6873,-12444,1487,-106,1547
2908,00:29.5,-7103,7002,-12602,-168,517,363
2910,00:29.5,-7181,7238,-12944,-194,253,498
2912,00:29.5,-7328,7334,-12913,-514,-128,635
2914,00:29.5,-7270,7397,-12491,-762,-293,795
2916,00:29.6,-7229,7457,-12466,-851,-186,843
2917,00:29.6,-7308,7533,-12400,-872,-159,866
2919,00:29.6,-7326,7817,-12557,-1014,-146,929
2921,00:29.6,-7371,8041,-12482,-1231,-175,958
2923,00:29.6,-7233,8244,-12337,-1404,-107,849
2925,00:29.6,-7208,8328,-12243,-1570,31,628
2867,00:29.7,-7877,6860,-12178,504,-271,1503
2928,00:29.7,-7175,8746,-12239,-1655,35,266
2930,00:29.7,-7270,8752,-12232,-1599,7,9
2932,00:29.7,-7200,8715,-12099,-1489,12,-145
2934,00:29.7,-7217,8684,-12082,-1478,44,-179
2936,00:29.8,-7214,8701,-11953,-1560,-25,-116
2937,00:29.8,-7154,8754,-11883,-1531,-25,-59
2939,00:29.8,-7153,8754,-11996,-1339,27,18
2941,00:29.8,-7137,8619,-12117,-1073,14,141
2943,00:29.8,-7078,8713,-11958,-812,-33,333
2945,00:29.8,-7006,8707,-11892,-432,-30,417
2869,00:29.9,-7871,7110,-12231,-52,-291,1326
2948,00:29.9,-6995,8597,-12135,77,141,374
2950,00:29.9,-7013,8457,-12116,374,7,347
2952,00:29.9,-6884,8309,-12044,610,-152,379
2954,00:29.9,-6876,8446,-11924,903,-135,252
2956,00:30.0,-6927,8412,-12040,1199,-40,69
2957,00:30.0,-6972,8415,-12012,1287,-11,-52
2959,00:30.0,-6910,8227,-11815,1338,-47,-122
2961,00:30.1,-6921,8250,-11701,1500,149,-207
2972,00:30.1,-6809,7662,-11832,1687,335,343
2974,00:30.1,-7153,8212,-12662,2224,428,407
2976,00:30.2,-7134,8018,-12918,2156,29,502
2977,00:30.2,-7163,7972,-12706,2004,-130,532
2979,00:30.2,-7226,7711,-12059,1627,-284,604
2981,00:30.2,-7319,7706,-12482,1682,-256,542
2983,00:30.2,-7449,8375,-12943,1974,-474,444
2985,00:30.2,-7392,8194,-12920,1724,-621,295
2963,00:30.3,-6960,8046,-11789,1811,586,-314
2988,00:30.3,-7460,7672,-12606,1593,-640,464
2990,00:30.3,-7348,7968,-12976,1593,-420,782
2992,00:30.3,-7211,7714,-12872,764,-125,867
2994,00:30.3,-7257,8016,-12118,1062,336,825
2996,00:30.4,-7247,7949,-13737,1668,271,899
2997,00:30.4,-7217,7844,-13457,1591,201,923
2999,00:30.4,-7176,7744,-12956,1547,467,945
3001,00:30.4,-7018,7737,-13089,1217,417,1131
3003,00:30.4,-6808,8224,-12939,854,-124,996
3005,00:30.4,-7016,7831,-12047,1359,-87,667
2965,00:30.5,-6803,7796,-12069,1719,807,-247
3008,00:30.5,-6845,7290,-13258,555,19,907
3010,00:30.5,-6915,7703,-13470,-321,-43,1147
3012,00:30.5,-6978,8522,-13578,-1155,-133,958
3014,00:30.5,-6912,8287,-13058,-1579,-583,192
3016,00:30.6,-6915,7927,-13178,-1813,-765,-556
3017,00:30.6,-6818,7823,-13235,-2008,-895,-777
3019,00:30.6,-6916,7464,-12691,-2376,-966,-880
3021,00:30.6,-6867,7508,-12324,-2362,-878,-821
3023,00:30.6,-7232,8042,-12705,-1890,-407,-652
3025,00:30.6,-7232,8057,-12724,-1800,-340,-791
2967,00:30.7,-6886,7620,-11892,1848,822,-118
3028,00:30.7,-7213,7996,-12466,-1670,-133,-841
3030,00:30.7,-7263,8053,-12560,-1367,24,-742
3032,00:30.7,-7285,8029,-12523,-984,133,-797
3034,00:30.7,-7225,8153,-12859,-982,58,-1065
3036,00:30.8,-7160,8153,-12467,-1297,24,-1022
3037,00:30.8,-7149,8114,-12294,-1167,135,-947
3039,00:30.8,-7310,8212,-12562,-661,172,-757
3041,00:30.8,-7140,8202,-12754,-436,168,-582
3043,00:30.8,-7656,7754,-12700,-606,422,-380
3045,00:30.8,-7381,8016,-11951,-545,91,-238
2969,00:30.9,-6983,7730,-12512,1878,570,54
3048,00:30.9,-7210,7365,-12485,-141,749,-385
3050,00:30.9,-7202,7630,-12800,-140,756,140
3052,00:30.9,-7078,8085,-12584,-112,455,536
3054,00:30.9,-7142,8140,-12591,-418,536,463
3056,00:31.0,-7290,8342,-12730,-361,319,265
3057,00:31.0,-7243,8243,-12615,-429,228,141
3059,00:31.0,-7204,8452,-12421,-739,264,-134
3061,00:31.1,-7111,8166,-12272,-1352,442,-227
3072,00:31.1,-6988,7771,-11942,-262,954,49
3074,00:31.1,-6952,8179,-12052,225,1695,338
3076,00:31.2,-7020,8334,-12578,757,2103,568
3077,00:31.2,-7047,8158,-12635,889,2190,812
3079,00:31.2,-7040,8370,-12821,757,2088,1064
3081,00:31.2,-6820,8572,-12645,1026,2044,1189
3083,00:31.2,-6754,8598,-12749,1300,2544,1149
3085,00:31.2,-6632,8260,-12811,1346,2497,1224
3063,00:31.3,-7163,8165,-12385,-1098,706,-179
3088,00:31.3,-6472,8224,-12846,1672,2660,1327
3090,00:31.3,-6333,7855,-13030,2072,2779,1619
3092,00:31.3,-6113,7786,-12727,2331,2801,1950
3094,00:31.3,-6109,7608,-12981,2366,3159,2195
3096,00:31.4,-5874,7327,-13096,2186,3211,2473
3097,00:31.4,-5866,7516,-13200,2183,3242,2562
3099,00:31.4,-5619,7484,-13489,1430,3099,2553
3101,00:31.4,-5339,7507,-13236,1002,3037,2362
3103,00:31.4,-5178,8037,-13598,964,3067,1845
3105,00:31.4,-4891,7878,-13554,674,3198,1176
3065,00:31.5,-7093,8322,-12667,-497,673,-267
3108,00:31.5,-4769,7216,-13131,144,4416,1647
3110,00:31.5,-4721,7775,-13849,885,4544,1933
3112,00:31.5,-4310,8372,-13976,1907,4062,1545
3114,00:31.5,-3812,8664,-13968,1712,4052,739
3116,00:31.6,-3544,7636,-13948,1470,4181,154
3117,00:31.6,-3270,8010,-13982,1466,4081,-148
3119,00:31.6,-3458,7509,-14628,1443,3747,-439
3121,00:31.6,-3446,7397,-14750,1617,2939,-646
3123,00:31.6,-3071,7115,-14630,1749,2240,-833
3125,00:31.6,-2919,7463,-14646,2169,1712,-1176
3067,00:31.7,-7089,8502,-12755,-84,547,-429
3128,00:31.7,-2739,7143,-14473,2825,1402,-1706
3130,00:31.7,-2706,6579,-14697,3025,1025,-1982
3132,00:31.7,-2698,6383,-14782,3340,704,-2139
3134,00:31.7,-3053,6178,-15064,3461,315,-1889
3136,00:31.8,-3117,5816,-14862,3642,-345,-1711
3137,00:31.8,-3130,5710,-14759,3792,-558,-1489
3139,00:31.8,-3101,5326,-14763,3934,-683,-903
3141,00:31.8,-3215,4995,-14759,4383,-714,-226
3143,00:31.8,-3266,4797,-15189,4371,-1004,409
3145,00:31.8,-3450,4587,-15228,3959,-1345,1068
3069,00:31.9,-7112,8299,-12621,-340,797,-433
3148,00:31.9,-3475,4176,-14805,3221,-1567,2113
3150,00:31.9,-3623,4354,-15249,3468,-1463,2483
3152,00:31.9,-3759,4645,-15300,3431,-1652,2546
3154,00:31.9,-3508,4546,-15105,2739,-1613,2468
3156,00:32.0,-3633,4638,-14790,2198,-1068,2329
3157,00:32.0,-3682,4347,-14852,2005,-678,2224
3159,00:32.0,-3816,4165,-15357,1767,-329,1956
3161,00:32.1,-3730,4492,-15321,1834,-443,1830
3172,00:32.1,-3806,4116,-15348,1268,-1025,2481
3174,00:32.1,-4000,4263,-15281,1510,-1193,2612
3176,00:32.2,-4104,4339,-15096,1272,-1187,2668
3177,00:32.2,-4153,4271,-15031,1197,-1093,2684
3179,00:32.2,-4367,4215,-14940,1295,-698,2485
3181,00:32.2,-4393,4195,-15058,1448,-361,2337
3183,00:32.2,-4516,4068,-14993,1565,-205,2290
3185,00:32.2,-4413,4074,-15068,1742,42,2220
3163,00:32.3,-3607,4097,-15355,1550,-653,1929
3188,00:32.3,-4370,3641,-15205,1531,469,2277
3190,00:32.3,-4256,3805,-15128,1534,544,2460
3192,00:32.3,-4016,4083,-14799,1779,528,2423
3194,00:32.3,-3814,3132,-15232,1749,765,2862
3196,00:32.4,-3935,2530,-15820,1868,603,3742
3197,00:32.4,-3803,2461,-15843,2017,371,4248
3199,00:32.4,-3636,2608,-15435,2278,102,5377
3201,00:32.4,-3415,2677,-15313,2521,255,6189
3203,00:32.4,-3118,2554,-15432,2623,487,6991
3205,00:32.4,-2611,2873,-15686,2724,433,7637
3165,00:32.5,-3485,3916,-15202,1199,-591,2227
3208,00:32.5,-2767,3558,-15905,2682,675,7843
3210,00:32.5,-2609,3550,-15784,2638,643,7693
3212,00:32.5,-2407,3812,-15506,2561,732,7475
3214,00:32.5,-2144,3882,-15279,2504,1154,6974
3216,00:32.6,-2196,4002,-16085,2533,1464,6291
3217,00:32.6,-2207,4148,-16303,2231,1291,5840
3219,00:32.6,-1991,3287,-16352,1085,675,4913
3221,00:32.6,-1977,3500,-16279,720,590,4200
3223,00:32.6,-2039,3436,-16777,674,5,3819
3225,00:32.6,-2020,3844,-16377,971,-773,3075
3167,00:32.7,-3627,4265,-15420,878,-675,2427
3228,00:32.7,-1958,3446,-15747,837,-727,1868
3230,00:32.7,-2129,3462,-16111,396,-509,1448
3232,00:32.7,-2192,3500,-16359,129,-949,1254
3234,00:32.7,-2143,3258,-15987,-54,-1230,931
3236,00:32.8,-2240,3248,-15702,-69,-1025,514
3237,00:32.8,-2398,3208,-15818,-113,-963,390
3239,00:32.8,-2427,3056,-15836,-344,-998,351
3241,00:32.8,-2486,2760,-15471,-575,-905,366
3243,00:32.8,-2570,2873,-15459,-582,-503,327
3245,00:32.8,-2656,3180,-15371,-633,-188,244
3169,00:32.9,-3693,3991,-15089,964,-885,2477
3248,00:32.9,-2514,3285,-15897,-802,195,26
3250,00:32.9,-2588,3262,-15961,-1019,213,-99
3252,00:32.9,-2476,3429,-15796,-892,192,-209
3254,00:32.9,-2491,3555,-15734,-725,265,-306
3256,00:33.0,-2478,3614,-15923,-630,314,-488
3257,00:33.0,-2474,3663,-15891,-709,309,-541
3259,00:33.0,-2381,3810,-16052,-818,307,-753
3261,00:33.1,-2245,3865,-16057,-879,356,-1036
3272,00:33.1,-2220,4704,-16130,-1134,41,-4242
3274,00:33.1,-2373,4885,-16167,-1302,-187,-5333
3276,00:33.2,-2301,4883,-15993,-1507,-397,-6623
3277,00:33.2,-2274,4923,-15606,-1546,-436,-7302
3279,00:33.2,-2341,4828,-15269,-1710,-337,-8543
3281,00:33.2,-2607,4570,-15569,-1708,69,-9780
3283,00:33.2,-2716,4435,-15763,-1784,305,-10824
3285,00:33.2,-2883,4028,-15861,-1905,388,-11529
3263,00:33.3,-2245,3796,-15960,-901,343,-1344
3288,00:33.3,-3105,3469,-15763,-1669,83,-11929
3290,00:33.3,-3249,3234,-15452,-1382,139,-11805
3292,00:33.3,-3322,3073,-15403,-1322,359,-11534
3294,00:33.3,-3453,3012,-15610,-1538,509,-11083
3296,00:33.4,-3518,2797,-15681,-1965,518,-10471
3297,00:33.4,-3595,2699,-15658,-2098,485,-10114
3299,00:33.4,-3705,2683,-15446,-2097,435,-9390
3301,00:33.4,-3839,2770,-15288,-1926,538,-8665
3303,00:33.4,-3971,3069,-15534,-1631,705,-7956
3305,00:33.4,-4101,3065,-15707,-1392,824,-7278
3265,00:33.5,-2274,3791,-15934,-997,192,-1704
3308,00:33.5,-4137,2969,-15642,-1199,927,-6143
3310,00:33.5,-4189,3062,-15744,-979,847,-5420
3312,00:33.5,-4260,3186,-15765,-806,805,-4913
3314,00:33.5,-4122,3113,-15641,-661,841,-4509
3316,00:33.6,-4141,3068,-15487,-512,953,-4127
3317,00:33.6,-4089,3154,-15503,-446,986,-3978
3319,00:33.6,-4138,3222,-15427,-308,1052,-3796
3321,00:33.6,-4196,3224,-15370,-226,1112,-3710
3323,00:33.6,-4077,3179,-15446,-180,1133,-3678
3325,00:33.6,-3991,3251,-15390,-179,1201,-3702
3267,00:33.7,-2199,4313,-15823,-1037,111,-2225
3328,00:33.7,-4012,3203,-15545,-284,1251,-3843
3330,00:33.7,-3759,3248,-15240,-14,1221,-4035
3332,00:33.7,-3824,3092,-15108,587,1493,-4088
3334,00:33.7,-3840,3182,-15186,634,1854,-4181
3336,00:33.8,-3837,3874,-15326,558,2045,-4762
3337,00:33.8,-4058,3048,-15957,535,2174,-4778
3339,00:33.8,-3794,3173,-15887,795,2089,-5123
3341,00:33.8,-3554,2784,-16160,768,2091,-5351
3343,00:33.8,-3550,2504,-15962,996,1891,-5337
3345,00:33.8,-3603,2213,-16250,914,1636,-5218
3269,00:33.9,-2181,4537,-15996,-1118,192,-3012
3348,00:33.9,-3489,2158,-16054,680,829,-4929
3350,00:33.9,-3418,2178,-15545,242,763,-4587
3352,00:33.9,-3344,2014,-15700,-205,817,-4223
3354,00:33.9,-3503,1715,-15908,-167,838,-3687
3356,00:34.0,-3481,1808,-16181,-504,529,-2985
3357,00:34.0,-3573,1844,-16296,-866,379,-2545
3359,00:34.0,-3544,1638,-16109,-1272,220,-1912
3361,00:34.1,-3603,1833,-16321,-1087,120,-1435
3372,00:34.1,-3474,2152,-15753,-1732,-126,-645
3374,00:34.1,-3590,2487,-15632,-1661,-332,-504
3376,00:34.2,-3559,2302,-15506,-1660,-443,-471
3377,00:34.2,-3482,2500,-15442,-1514,-461,-459
3379,00:34.2,-3723,2672,-15554,-1158,-532,-215
3381,00:34.2,-3796,2798,-15735,-1049,-588,28
3383,00:34.2,-3855,2864,-15978,-1038,-511,130
3385,00:34.2,-3891,2885,-15919,-964,-604,226
3363,00:34.3,-3453,2213,-16047,-816,-175,-1347
3388,00:34.3,-3881,3112,-15706,-932,-745,279
3390,00:34.3,-4078,3238,-15814,-892,-792,160
3392,00:34.3,-4106,2940,-15432,-475,-755,54
3394,00:34.3,-4107,3096,-15556,-432,-570,78
3396,00:34.4,-4102,3738,-15820,-842,-677,164
3397,00:34.4,-4170,2691,-15796,-782,-659,102
3399,00:34.4,-4475,2771,-15713,-991,-563,406
3401,00:34.4,-4403,2981,-15450,-735,-605,350
3403,00:34.4,-4450,3598,-15488,-779,-681,115
3405,00:34.4,-4550,3693,-15459,-1178,-712,-258
3365,00:34.5,-3440,2304,-15897,-1032,2,-1285
3408,00:34.5,-4489,3615,-15255,-1812,-469,-945
3410,00:34.5,-4511,3730,-15687,-2019,-613,-1304
3412,00:34.5,-4465,3724,-15130,-1426,-544,-1864
3414,00:34.5,-4260,3566,-15062,-1213,-102,-2113
3416,00:34.6,-4328,3464,-14978,-1022,393,-2089
3417,00:34.6,-4237,3476,-15164,-893,431,-2052
3419,00:34.6,-4228,3605,-15272,-461,353,-1917
3421,00:34.6,-4188,3568,-15415,-376,505,-2039
3423,00:34.6,-4025,3351,-15313,-182,627,-2135
3425,00:34.6,-3995,3369,-15870,-354,703,-2105
3367,00:34.7,-3587,2293,-15697,-1307,289,-1194
3428,00:34.7,-4138,3205,-15890,-771,216,-1696
3430,00:34.7,-4321,3168,-15912,-992,-164,-1289
3432,00:34.7,-4382,3132,-15710,-873,-523,-743
3434,00:34.7,-4429,3128,-15355,-762,-583,-284
3436,00:34.8,-4462,3367,-15128,-669,-397,153
3437,00:34.8,-4369,3409,-15004,-741,-196,376
3439,00:34.8,-4573,3085,-15587,-778,203,903
3441,00:34.8,-4536,3789,-16132,-164,-406,880
3443,00:34.8,-4446,3954,-15364,-25,-793,524
3445,00:34.8,-4393,3836,-14967,-615,-293,189
3369,00:34.9,-3497,2269,-15729,-1764,249,-1106
3448,00:34.9,-4429,3486,-15241,-651,298,201
3450,00:34.9,-4430,3466,-15661,-720,225,422
3452,00:34.9,-4388,3461,-15584,-734,16,449
3454,00:34.9,-4331,3631,-15392,-653,-146,389
3456,00:35.0,-4591,3766,-15454,-751,-36,453
3457,00:35.0,-4419,3977,-15733,-1064,-117,441
3459,00:35.0,-4396,3635,-15310,-1431,-85,786
3461,00:35.1,-4376,3560,-15445,-1485,-168,1037
3472,00:35.1,-4163,4450,-15199,-1445,-648,1492
3474,00:35.1,-4215,4697,-15168,-1216,-694,1398
3476,00:35.2,-4251,4862,-15251,-1151,-671,1243
3477,00:35.2,-4270,4950,-15259,-1065,-671,1101
3479,00:35.2,-4188,4574,-14989,-848,-641,894
3481,00:35.2,-4451,4773,-15155,-523,-608,797
3483,00:35.2,-4359,4917,-15158,-587,-703,759
3485,00:35.2,-4462,4729,-15236,-632,-725,826
3463,00:35.3,-3912,4115,-14578,-1312,-237,1145
3488,00:35.3,-4537,4314,-14627,82,-770,791
3490,00:35.3,-4615,5047,-15136,330,-622,834
3492,00:35.3,-4562,4791,-15168,-207,-496,763
3494,00:35.3,-4619,4654,-14899,-179,-325,727
3496,00:35.4,-4604,4630,-15207,20,-249,802
3497,00:35.4,-4602,4626,-15268,85,-275,816
3499,00:35.4,-4629,4590,-15245,36,-393,951
3501,00:35.4,-4686,4671,-15260,13,-515,1101
3503,00:35.4,-4705,4681,-15053,-2,-542,1087
3505,00:35.4,-4757,4686,-14926,48,-446,978
3465,00:35.5,-4458,4112,-15175,-1428,99,1453
3508,00:35.5,-4723,4662,-14723,117,-228,786
3510,00:35.5,-4644,4541,-14860,117,11,602
3512,00:35.5,-4651,4649,-14993,64,175,337
3514,00:35.5,-4645,4812,-15059,-9,265,60
3516,00:35.6,-4620,4906,-14986,-100,343,-253
3517,00:35.6,-4576,4952,-14947,-135,418,-440
3519,00:35.6,-4439,4730,-15013,-273,547,-798
3521,00:35.6,-4507,5221,-15285,-700,453,-1205
3523,00:35.6,-4388,4824,-15150,-935,419,-1497
3525,00:35.6,-4374,4759,-15016,-591,455,-1726
3467,00:35.7,-4334,4336,-15421,-1464,-132,1438
3528,00:35.7,-4402,4600,-15006,89,650,-1971
3530,00:35.7,-4313,4626,-15088,165,742,-2133
3532,00:35.7,-4268,4532,-14989,243,824,-2269
3534,00:35.7,-4348,4587,-15050,397,678,-2338
3536,00:35.8,-4272,4468,-15032,371,484,-2345
3537,00:35.8,-4379,4524,-15009,393,376,-2347
3539,00:35.8,-4399,4463,-15279,101,83,-2244
3541,00:35.8,-4485,4193,-15479,-177,-204,-1996
3543,00:35.8,-4622,3893,-15467,-311,-514,-1489
3545,00:35.8,-4725,3673,-15223,-372,-762,-782
3469,00:35.9,-4163,4284,-15368,-1613,-389,1432
3548,00:35.9,-4873,3884,-14681,-297,-431,173
3550,00:35.9,-4956,4026,-14740,-208,21,697
3552,00:35.9,-4772,4230,-14785,-37,372,987
3554,00:35.9,-4578,4495,-14933,-211,641,1175
3556,00:36.0,-4540,4430,-15270,-521,701,1371
3557,00:36.0,-4446,4488,-15423,-734,637,1487
3559,00:36.0,-4382,4588,-15283,-950,391,1676
3561,00:36.1,-4202,4815,-15218,-847,231,1660
3572,00:36.1,-4358,4575,-15080,515,-732,768
3574,00:36.1,-4385,4600,-15213,380,-862,805
3576,00:36.2,-4442,4574,-14917,340,-850,858
3577,00:36.2,-4427,4627,-14766,384,-769,877
3579,00:36.2,-4489,4780,-14892,408,-431,832
3581,00:36.2,-4560,4656,-14925,387,-147,849
3583,00:36.2,-4533,4507,-15233,443,-130,828
3585,00:36.2,-4551,4421,-15167,434,-273,855
3563,00:36.3,-4092,4925,-15071,-506,263,1427
3588,00:36.3,-4393,4448,-15241,-85,-357,984
3590,00:36.3,-4418,4341,-15049,-456,-369,1122
3592,00:36.3,-4463,4146,-15146,-507,-369,1415
3594,00:36.3,-4534,4347,-15101,-452,-505,1753
3596,00:36.4,-4501,4748,-15035,-643,-600,1966
3597,00:36.4,-4567,4881,-14961,-769,-572,1988
3599,00:36.4,-4433,4856,-14822,-943,-334,1973
3601,00:36.4,-4326,4970,-15144,-1278,-280,1958
3603,00:36.4,-4405,4998,-15329,-1034,-388,1996
3605,00:36.4,-4361,5133,-15412,-485,-707,2038
3565,00:36.5,-3946,5134,-15304,-177,263,1193
3608,00:36.5,-4230,4985,-15339,-385,-996,2141
3610,00:36.5,-4315,4709,-15264,-230,-1169,2531
3612,00:36.5,-4337,4736,-15406,108,-1617,2941
3614,00:36.5,-4281,4733,-14939,496,-1857,3397
3616,00:36.6,-4221,4711,-14999,523,-1830,3845
3617,00:36.6,-4219,4678,-15059,454,-1925,4075
3619,00:36.6,-4319,4845,-15158,288,-2355,4532
3621,00:36.6,-4252,4776,-14778,295,-2580,4867
3623,00:36.6,-4260,4967,-14642,338,-2366,5029
3625,00:36.6,-4367,5023,-14871,358,-2393,5186
3567,00:36.7,-4107,5036,-15322,-53,-25,990
3628,00:36.7,-4417,5442,-14689,85,-2324,5137
3630,00:36.7,-4571,5540,-14926,-44,-2326,4929
3632,00:36.7,-4535,5570,-14510,1,-2382,4614
3634,00:36.7,-4510,5800,-14524,-27,-2249,4283
3636,00:36.8,-4439,6095,-14321,120,-2316,3689
3637,00:36.8,-4511,5629,-14604,-71,-2255,3581
3639,00:36.8,-4628,5910,-14762,-472,-2266,3387
3641,00:36.8,-4909,5642,-14504,-264,-2250,3146
3643,00:36.8,-4896,5842,-14281,-248,-1879,2917
3645,00:36.8,-4784,5899,-14326,-98,-1544,2726
3569,00:36.9,-4160,4943,-15400,161,-436,827
3648,00:36.9,-4752,5905,-14571,-119,-1379,2477
3650,00:36.9,-4783,6081,-14292,-101,-1286,2268
3652,00:36.9,-4956,6066,-14452,-40,-1006,2087
3654,00:36.9,-4938,5975,-14460,194,-880,1862
3656,00:37.0,-4849,5993,-14501,320,-801,1688
3657,00:37.0,-4867,6115,-14526,307,-755,1636
3659,00:37.0,-4829,6047,-14468,17,-696,1375
3661,00:37.1,-4810,5964,-14265,-159,-483,1211
3672,00:37.1,-4759,6106,-14493,-1281,-1082,1064
3674,00:37.1,-4783,6053,-14313,-1449,-1188,1103
3676,00:37.2,-4858,6112,-14390,-1568,-1362,1052
3677,00:37.2,-4908,6180,-14317,-1552,-1454,1034
3679,00:37.2,-4951,6140,-14167,-1202,-1608,1025
3681,00:37.2,-5053,6468,-14098,-1242,-1521,985
3683,00:37.2,-4880,6345,-13403,-1460,-1247,946
3685,00:37.2,-5321,7328,-14763,-1546,-1007,640
3663,00:37.3,-4823,5982,-14537,-401,-385,1110
3688,00:37.3,-5069,6868,-14030,-1373,-777,275
3690,00:37.3,-5094,6853,-14119,-1390,-552,88
3692,00:37.3,-5133,6848,-14016,-1423,-678,127
3694,00:37.3,-5280,6804,-14051,-1240,-749,147
3696,00:37.4,-5285,6939,-13907,-870,-858,122
3697,00:37.4,-5321,6974,-13954,-734,-840,55
3699,00:37.4,-5275,6839,-13782,-569,-704,52
3701,00:37.4,-5218,6785,-13648,-511,-395,176
3703,00:37.4,-5364,7038,-13918,-477,-373,233
3705,00:37.4,-5312,7139,-13971,-597,-461,62
3665,00:37.5,-4803,5847,-14625,-646,-454,1092
3708,00:37.5,-5420,7044,-13930,-605,-650,-122
3710,00:37.5,-5506,7004,-13805,-544,-683,-186
3712,00:37.5,-5349,7044,-13810,-219,-864,-261
3714,00:37.5,-5248,7263,-13551,239,-531,-156
3716,00:37.6,-5359,6780,-13803,-220,-144,-257
3717,00:37.6,-5575,6576,-14054,-550,-247,90
3719,00:37.6,-5668,6643,-13701,-328,-722,216
3721,00:37.6,-5649,6833,-13688,-48,-597,306
3723,00:37.6,-5496,6780,-13651,-3,-477,500
3725,00:37.6,-5543,7105,-13771,-335,-440,575
3667,00:37.7,-4901,6003,-14782,-933,-694,1125
3728,00:37.7,-5585,7187,-13816,-418,-552,648
3730,00:37.7,-5474,7418,-13644,-170,-555,473
3732,00:37.7,-5406,7328,-13711,78,-399,313
3734,00:37.7,-5282,7175,-13613,18,-268,117
3736,00:37.8,-5230,7076,-13737,-108,-163,-28
3737,00:37.8,-5242,7171,-13606,-100,-179,-89
3739,00:37.8,-5196,7106,-13754,118,-238,-144
3741,00:37.8,-5242,7236,-13903,11,-380,-186
3743,00:37.8,-5194,7022,-13532,-98,-380,-213
3745,00:37.8,-5145,6668,-13626,-33,-186,-87
3669,00:37.9,-4822,6126,-14602,-1093,-1020,1122
3748,00:37.9,-5209,6649,-14094,39,-338,205
3750,00:37.9,-5442,6653,-14497,-356,-650,342
3752,00:37.9,-5419,6700,-14101,-520,-1071,308
3754,00:37.9,-5459,6857,-13813,-584,-1237,330
3756,00:38.0,-5571,7284,-13946,-682,-1260,475
3757,00:38.0,-5581,7200,-13986,-725,-1334,492
3759,00:38.0,-5757,7454,-13612,-523,-1603,393
3761,00:38.1,-5808,7514,-13437,-168,-1635,131
3772,00:38.1,-6109,7059,-13289,-586,-1169,435
3774,00:38.1,-6280,7145,-13318,-537,-1172,614
3776,00:38.2,-6246,7395,-13386,-451,-1176,674
3777,00:38.2,-6351,7459,-13413,-437,-1136,657
3779,00:38.2,-6304,7560,-13292,-302,-1042,570
3781,00:38.2,-6232,7653,-13373,-276,-885,381
3783,00:38.2,-6213,7107,-13412,-147,-669,303
3785,00:38.2,-6326,7382,-13542,254,-851,263
3763,00:38.3,-5757,7179,-13102,-85,-1477,-15
3788,00:38.3,-6651,6622,-13335,397,-839,173
3790,00:38.3,-6427,7285,-13442,116,-622,196
3792,00:38.3,-6558,7297,-13195,238,-651,30
3794,00:38.3,-6682,7246,-13106,79,-673,-98
3796,00:38.4,-6635,7291,-13019,-173,-496,-227
3797,00:38.4,-6666,7337,-13034,-171,-440,-298
3799,00:38.4,-6588,7226,-13002,39,-273,-453
3801,00:38.4,-6588,7413,-13454,-42,-165,-583
3803,00:38.4,-6631,7368,-13686,-270,-447,-920
3805,00:38.4,-6498,7165,-12935,-95,-340,-1093
3765,00:38.5,-5926,6915,-13060,-47,-1188,167
3808,00:38.5,-6684,7020,-13496,-243,249,-781
3810,00:38.5,-6635,7345,-13939,14,37,-886
3812,00:38.5,-6469,6835,-13272,-384,23,-738
3814,00:38.5,-6361,6701,-13354,-378,64,-567
3816,00:38.6,-6346,6771,-13306,-222,-140,-305
3817,00:38.6,-6408,6828,-13413,-277,-244,-214
3819,00:38.6,-6406,7171,-13488,-520,-527,-187
3821,00:38.6,-6493,7056,-13228,-588,-704,-203
3823,00:38.6,-6646,7088,-13193,-455,-758,-271
3825,00:38.6,-6679,7177,-13170,-263,-773,-298
3767,00:38.7,-5946,6866,-13298,31,-1163,264
3828,00:38.7,-6734,7104,-13059,-250,-649,-422
3830,00:38.7,-6842,7237,-13031,177,-490,-424
3832,00:38.7,-6871,6946,-13405,-374,-522,-293
3834,00:38.7,-7134,6352,-13709,-344,-550,-251
3836,00:38.8,-7084,6683,-13418,-458,-554,95
3837,00:38.8,-6838,7318,-12734,-177,-615,68
3839,00:38.8,-7112,7062,-12950,162,-407,341
3841,00:38.8,-7130,7173,-13043,262,-553,433
3843,00:38.8,-7184,7146,-12993,33,-506,296
3845,00:38.8,-7141,7328,-12690,107,-410,-18
3769,00:38.9,-6000,7108,-13468,-210,-1281,269
3848,00:38.9,-7120,7019,-12853,-101,100,-63
3850,00:38.9,-7167,7227,-13173,75,172,77
3852,00:38.9,-7085,7551,-13396,-247,60,-176
3854,00:38.9,-6971,7561,-12716,-318,156,-616
3856,00:39.0,-6892,6882,-13076,-655,689,-619
3857,00:39.0,-6910,7149,-13342,-613,695,-592
3859,00:39.0,-6804,7147,-13272,-220,453,-529
3861,00:39.1,-6828,7896,-13375,-87,505,-873
3872,00:39.1,-6356,7088,-13310,-499,634,-2128
3874,00:39.1,-6382,6372,-13356,-473,483,-1920
3876,00:39.2,-6543,6546,-13346,-347,182,-1562
3877,00:39.2,-6657,6282,-13279,-316,48,-1395
3879,00:39.2,-6783,5926,-13248,-383,-98,-789
3881,00:39.2,-6938,6189,-13322,-318,-394,155
3883,00:39.2,-7044,5813,-12852,-525,-471,1219
3885,00:39.2,-7245,5145,-12787,-453,-294,2879
3863,00:39.3,-6500,7276,-12551,-418,725,-1084
3888,00:39.3,-6910,5715,-12723,-202,5,6021
3890,00:39.3,-6574,6393,-12876,-508,491,7562
3892,00:39.3,-6246,7297,-12894,-823,631,8411
3894,00:39.3,-5843,9116,-12775,-857,643,7983
3896,00:39.4,-5656,11453,-12918,-646,771,5628
3897,00:39.4,-5684,12316,-13253,-556,816,3718
3899,00:39.4,-5864,11762,-13877,-710,526,-530
3901,00:39.4,-5972,10844,-13627,-301,-434,-4186
3903,00:39.4,-6141,10191,-13374,70,-1156,-7312
3905,00:39.4,-6368,8829,-13215,266,-1432,-9456
3865,00:39.5,-6440,7405,-12927,-637,1060,-1378
3908,00:39.5,-7006,5784,-12785,481,-1423,-9687
3910,00:39.5,-7431,4025,-12547,585,-1153,-7554
3912,00:39.5,-7630,3366,-12394,443,-663,-4148
3914,00:39.5,-7550,3628,-12223,-151,49,-361
3916,00:39.6,-7388,4441,-12443,-887,751,2961
3917,00:39.6,-7176,5164,-12457,-1078,1034,4306
3919,00:39.6,-6698,6668,-12582,-1220,1471,6037
3921,00:39.6,-6256,9152,-12694,-939,1703,5819
3923,00:39.6,-6168,10830,-13260,-849,1875,3517
3925,00:39.6,-6277,10863,-13921,-804,1565,118
3867,00:39.7,-6414,7250,-13230,-571,1023,-1690
3928,00:39.7,-6526,8888,-13827,-267,-98,-4004
3930,00:39.7,-6729,7518,-13372,-67,-785,-5284
3932,00:39.7,-6884,6218,-13079,-55,-1013,-5135
3934,00:39.7,-7114,5703,-12879,-226,-1008,-3981
3936,00:39.8,-7156,5254,-12712,-597,-695,-2283
3937,00:39.8,-7175,5294,-12606,-685,-512,-1336
3939,00:39.8,-7052,5571,-12489,-725,-120,595
3941,00:39.8,-6865,6419,-12676,-896,273,2068
3943,00:39.8,-6812,7218,-12871,-1069,513,2860
3945,00:39.8,-6615,7897,-12854,-988,613,2903
3869,00:39.9,-6396,7237,-13348,-436,838,-1998
3948,00:39.9,-6430,9053,-12740,-254,394,1591
3950,00:39.9,-6454,8840,-13365,-141,27,313
3952,00:39.9,-6578,8546,-13007,-166,-313,-945
3954,00:39.9,-6649,8178,-13086,-423,-655,-1987
3956,00:40.0,-6759,8439,-12765,-319,-987,-2788
3957,00:40.0,-6754,8821,-12480,-197,-1016,-3348
3959,00:40.0,-7210,8677,-12758,-322,-722,-4763
3961,00:40.1,-7434,7812,-13065,-476,-752,-5821
3972,00:40.1,-7717,5774,-12471,-485,511,1074
3974,00:40.1,-7515,5849,-12727,-491,702,2569
3976,00:40.2,-7341,6256,-12970,-469,670,3830
3977,00:40.2,-7203,6411,-12959,-471,622,4279
3979,00:40.2,-7109,6999,-12854,-325,425,4912
3981,00:40.2,-6907,7861,-12681,-189,438,4819
3983,00:40.2,-6824,8617,-12694,-106,543,4001
3985,00:40.2,-6909,8819,-12961,-229,520,2692
3963,00:40.3,-7699,6779,-13010,-535,-1047,-5952
3988,00:40.3,-6979,8416,-13026,-33,-112,762
3990,00:40.3,-6825,8106,-12711,227,-346,-110
3992,00:40.3,-6940,7722,-12683,251,-299,-683
3994,00:40.3,-6967,7653,-12714,21,-220,-1090
3996,00:40.4,-6966,7432,-12785,-199,-106,-1289
3997,00:40.4,-7017,7254,-12849,-230,-111,-1245
3999,00:40.4,-7162,7133,-12867,-168,-271,-1018
4001,00:40.4,-7238,7086,-12719,-126,-344,-640
4003,00:40.4,-7267,7293,-12840,-177,-319,-275
4005,00:40.4,-7225,7025,-12789,-351,-263,82
